Financials,,,,,,,,,,,,,,,,,,,,,,,,,,,,,,,,,,,,,,,,,,,,,,,,,,,,,,,,,,,,,,,,,,,,,,,,,,,,,,
MJV Plumbing Services Pty Ltd,Jan-19,Feb-19,Mar-19,Apr-19,May-19,Jun-19,Jul-19,Aug-19,Sep-19,Oct-19,Nov-19,Dec-19,Jan-20,Feb-20,Mar-20,Apr-20,May-20,Jun-20,Jul-20,Aug-20,Sep-20,Oct-20,Nov-20,Dec-20,Jan-21,Feb-21,Mar-21,Apr-21,May-21,Jun-21,Jul-21,Aug-21,Sep-21,Oct-21,Nov-21,Dec-21,Jan-22,Feb-22,Mar-22,Apr-22,May-22,Jun-22,Jul-22,Aug-22,Sep-22,Oct-22,Nov-22,Dec-22,Jan-23,Feb-23,Mar-23,Apr-23,May-23,Jun-23,Jul-23,Aug-23,Sep-23,Oct-23,Nov-23,Dec-23,Jan-24,Feb-24,Mar-24,Apr-24,May-24,Jun-24,Jul-24,Aug-24,Sep-24,Oct-24,Nov-24,Dec-24,Jan-25,Feb-25,Mar-25,Apr-25,May-25,Jun-25
BALANCE SHEET,,,,,,,,,,,,,,,,,,,,,,,,,,,,,,,,,,,,,,,,,,,,,,,,,,,,,,,,,,,,,,,,,,,,,,,,,,,,,,
ASSETS,,,,,,,,,,,,,,,,,,,,,,,,,,,,,,,,,,,,,,,,,,,,,,,,,,,,,,,,,,,,,,,,,,,,,,,,,,,,,,
Cash & Equivalents,,,,,,,,,,,,,,,,,,,,,,,,,,,,,,,,,,,,,,,,,,,,,,,,,,,,,,,,,,,,,,,,,,,,,,,,,,,,,,
Business Saver,"$70,551","$70,973","$71,396","$1,01,822","$1,02,357","$1,02,786","$61,303","$61,712","$62,120","$1,04,631","$1,05,043","$1,05,457","$1,05,971","$1,06,383","$6,792","$7,292","$7,693","$1,08,095","$1,28,601","$49,004","$64,507","$64,909","$65,312","$65,815","$1,06,219","$1,06,623","$1,07,128","$1,07,532","$1,07,937","$1,08,441","$1,08,846","$1,09,251","$59,753","$60,154","$60,555","$61,055","$61,456","$61,856","$62,357","$62,757","$63,158","$63,659","$64,067","$64,582","$1,15,008","$1,15,469","$1,16,050","$66,509","$16,939","$17,352","$17,870","$18,286","$18,807","$12,167","$12,581","$11,564","$11,977","$12,391",$900,"$1,300","$1,800","$2,200","$2,600","$3,000","$3,500","$3,900","$3,400","$3,800","$4,200","$4,600","$5,001","$2,242","$1,542","$1,942","$2,342","$2,842","$9,242","$4,911"
GST Account,"$20,274","$8,877","$10,480","$2,481","$4,081","$5,681","$7,683","$9,284","$10,885","$12,887","$14,488","$16,490","$18,093","$19,695","$1,21,698","$1,40,301","$1,66,907","$17,261","$38,863","$1,935","$20,335","$24,736","$14,137","$19,638","$34,039","$3,440","$33,147","$37,548","$41,950","$47,452","$18,853","$24,354","$28,755","$33,155","$38,656","$43,056","$47,456","$8,857","$14,357","$18,757","$24,257","$28,658","$53,063","$35,171","$47,182","$59,211","$74,257","$56,297","$71,350","$3,397","$15,405","$27,424","$21,443","$33,473","$45,518","$60,580","$36,615","$64,674","$28,722","$48,257","$98,337","$41,885","$66,939","$98,030","$43,292","$66,155","$58,538","$85,608","$1,16,740","$65,834","$84,909","$33,973","$74,023","$1,14,106","$1,54,238","$1,20,818","$1,54,875","$1,74,139"
MJV Plumbing Services Pty Ltd,"$86,590","$84,985","$98,405","$89,989","$84,763","$44,743","$48,212","$78,725","$54,832","$88,272","$94,241","$1,23,464","$85,143","$65,653","$1,39,769","$85,777","$1,04,868","$1,39,427","$97,559","$1,40,127","$1,42,304","$1,56,754","$1,37,772","$1,54,496","$1,04,411","$96,860","$79,768","$34,934","$15,476","$57,319","$76,714","$38,668","$56,979","$77,123","$1,02,449","$1,21,057","$1,05,927","$90,503","$72,312","$1,11,814","$1,44,927","$2,08,328","$1,79,445","$1,76,775","$1,55,380","$76,879","$1,24,120","$1,04,021","$59,970","$73,349","$76,935","$63,969","$70,078","$1,43,474","$2,43,784","$1,46,669","$2,00,544","$75,544","$18,981","$1,48,728","$96,175","$31,777","$41,715","$28,579","$97,700","$19,506","$24,847","$53,182","$32,365","$56,488","$24,791","$1,33,117","$1,20,819","$1,12,158","$41,703","$75,182","$30,265","$23,535"
AMEX Card,$0,$0,$0,$0,$0,$0,$0,$0,($169),($169),($169),($169),($169),($169),($169),($169),($169),($169),($169),($169),($169),($169),($169),($169),($169),($169),($169),($169),($169),($169),$0,$0,$0,$0,$0,$0,$0,$0,$0,$0,$0,$0,$0,$0,$0,$0,$0,$0,$0,$0,$0,$0,$0,$0,$0,$0,$0,$0,$0,$0,$0,$0,$0,$0,$0,$0,$0,$0,$0,$0,$0,$0,$0,$0,$0,$0,$0,$0
ANZ AU CC 456480XXXXXX5526,$0,$0,$0,$0,$0,$0,$0,"($1,224)","($2,625)","$8,006","$1,114","($1,441)","($1,024)",($343),"($1,954)","($1,383)","($1,154)",($343),"$1,917",$296,"$3,802",($289),"($1,003)","$2,307",$949,($68),$884,"$6,439",($534),"$20,548","$1,590","$26,410","($1,581)","$15,107","$11,823","($2,101)",($517),"($2,178)","$15,137","$4,552",$391,"$7,816","($2,112)","$1,990",$697,"$2,004","($1,724)","$1,004",$647,"$7,288","$7,708","$3,957","$5,552","($2,013)","$5,885","$4,044","$1,223",($514),"($2,469)","($2,517)","$1,958","($1,530)",($476),"($1,761)",($25),"($1,151)",$330,"$5,001",($35),($242),($7),$823,"$2,738",($654),($978),$781,"$3,189",$512
MJV Irrigation,$0,$0,$0,$0,$0,$0,$0,$0,$0,$0,$0,$0,$0,$0,$0,$0,$0,$0,$0,$0,$0,$0,$0,$0,$0,$0,$0,$0,$0,$0,$0,$0,$0,$0,$0,$0,$0,$0,$0,$0,$0,$0,$0,$0,$0,$0,$0,$0,"$55,650","$79,193","$75,924","$88,284","$1,13,060","$96,078","$1,77,739","$1,37,464","$65,555","$58,055","$52,887","$11,226","$8,718","$1,029","$5,614",$0,$0,$0,$0,$0,$0,$0,$0,$0,$0,$0,$0,$0,$0,$0
Cash On Hand,$0,$0,$0,$0,$0,$0,$0,$0,$0,$0,$0,$0,$0,$0,$0,$0,$0,$0,$0,$0,$0,$0,$0,$0,$0,$0,$0,$0,$0,$0,$0,$0,$0,$0,$0,$0,$0,$0,$0,$0,$0,$0,$0,$0,$0,$0,$0,$0,$0,$0,$0,$0,$0,$0,$0,$0,$0,$0,$0,$0,$0,$0,$0,$0,$0,$12,$12,$12,$12,$12,$12,$12,$12,$12,$12,$12,$12,$12
Total Cash & Equivalents,"$1,77,414","$1,64,835","$1,80,280","$1,94,291","$1,91,201","$1,53,211","$1,17,198","$1,48,498","$1,25,043","$2,13,627","$2,14,718","$2,43,801","$2,08,014","$1,91,218","$2,66,136","$2,31,818","$2,78,145","$2,64,271","$2,66,770","$1,91,193","$2,30,780","$2,45,941","$2,16,050","$2,42,087","$2,45,449","$2,06,686","$2,20,758","$1,86,284","$1,64,660","$2,33,591","$2,06,003","$1,98,683","$1,43,907","$1,85,539","$2,13,482","$2,23,067","$2,14,323","$1,59,037","$1,64,163","$1,97,880","$2,32,732","$3,08,461","$2,94,462","$2,78,517","$3,18,267","$2,53,563","$3,12,703","$2,27,831","$2,04,556","$1,80,578","$1,93,842","$2,01,920","$2,28,939","$2,83,178","$4,85,508","$3,60,322","$3,15,914","$2,10,150","$99,021","$2,06,994","$2,06,988","$75,361","$1,16,392","$1,27,848","$1,44,467","$88,422","$87,128","$1,47,603","$1,53,281","$1,26,693","$1,14,705","$1,70,167","$1,99,135","$2,27,563","$1,97,316","$1,99,634","$1,97,583","$2,03,109"
Accounts Receivable,,,,,,,,,,,,,,,,,,,,,,,,,,,,,,,,,,,,,,,,,,,,,,,,,,,,,,,,,,,,,,,,,,,,,,,,,,,,,,
Accounts Receivable,"$1,10,942","$1,13,204","$96,433","$84,363","$86,812","$1,09,702","$1,51,254","$1,93,218","$1,81,931","$1,25,993","$1,62,513","$1,34,099","$1,35,820","$1,89,050","$1,67,200","$1,47,110","$1,46,349","$1,09,662","$1,05,992","$1,37,814","$1,01,411","$85,001","$90,382","$1,49,860","$1,15,781","$1,21,903","$1,78,593","$1,94,438","$2,37,140","$2,24,316","$2,17,883","$2,60,572","$2,67,932","$2,11,477","$2,28,562","$2,88,035","$3,10,611","$3,32,827","$3,14,074","$2,89,699","$3,77,963","$2,90,524","$2,92,712","$3,38,598","$3,23,452","$3,54,984","$3,63,221","$3,83,192","$4,69,675","$4,61,038","$4,35,275","$6,36,824","$4,95,801","$5,30,396","$3,67,496","$4,27,355","$3,83,874","$3,94,079","$4,43,807","$2,93,961","$2,03,698","$2,76,689","$2,67,490","$2,19,773","$2,00,395","$2,60,522","$2,11,245","$1,92,645","$2,12,733","$2,99,079","$3,13,199","$2,48,274","$2,47,799","$2,15,212","$3,00,282","$2,69,079","$3,05,932","$3,36,398"
Other Current Assets,,,,,,,,,,,,,,,,,,,,,,,,,,,,,,,,,,,,,,,,,,,,,,,,,,,,,,,,,,,,,,,,,,,,,,,,,,,,,,
Prepayments,,,,,,,,,,,,,,,,,,,,,,,,,,,,,,,,,,,,,,,,,,,,,,,,,,,,,,,,,,,,,,,,,,,,,,,,,,,,,,
Prepayments,$0,$0,($910),"($2,334)","($2,334)","($2,334)","($2,334)","($2,334)","($2,334)","($2,334)","($2,334)","($2,334)","($2,334)","($2,334)","($2,334)","($2,334)","($2,334)","($2,334)","($2,334)","($2,334)","($2,334)","($2,334)","($2,334)","($2,334)","($2,334)","($2,334)","($2,334)","($2,334)","($2,334)","$2,843","$4,747","$5,360","$5,126","$5,919","$5,583","$7,058","$5,551","$5,318","$5,948","$5,948","$5,714","$6,959","$6,754","$6,549","$6,344","$6,344","$6,344","$6,344","$6,344","$6,344","$6,344","$8,344","$7,344","$7,609","$6,609","$6,609","$6,609","$6,609","$6,609","$8,530","$7,109","$7,109","$7,109","$7,109","$7,109","$4,266","$4,266","$4,266","$4,266","$4,266","$4,266","$4,266","$4,266","$4,266","$4,266","$4,266","$4,816","$4,816"
Prepaid Insurance,$0,$0,$0,$0,$0,$0,$0,$0,$0,$0,$0,$0,$0,$0,$0,$0,$0,$0,$0,$0,$0,$0,$0,$0,$0,"$5,744","$5,135","$7,909","$7,079","$6,250","$5,420","$4,590","$3,761","$2,931","$2,101","$1,272","$10,561","$9,497","$15,097","$13,698","$12,300","$10,901","$9,502","$8,104","$7,061","$5,663","$4,264","$2,866","$3,693","$18,361","$18,012","$18,012","$18,012","$18,012","$18,012","$18,012","$18,012","$18,012","$18,012","$18,012","$18,012","$17,834","$17,834","$17,834","$17,834","$17,834","$17,834","$17,834","$17,834","$17,834","$17,834","$17,834","$17,656","$17,656","$17,656","$17,656","$17,656","$17,656"
Total Prepayments,$0,$0,($910),"($2,334)","($2,334)","($2,334)","($2,334)","($2,334)","($2,334)","($2,334)","($2,334)","($2,334)","($2,334)","($2,334)","($2,334)","($2,334)","($2,334)","($2,334)","($2,334)","($2,334)","($2,334)","($2,334)","($2,334)","($2,334)","($2,334)","$3,410","$2,801","$5,575","$4,745","$9,093","$10,167","$9,950","$8,887","$8,850","$7,685","$8,329","$16,113","$14,815","$21,044","$19,646","$18,014","$17,860","$16,257","$14,653","$13,405","$12,007","$10,608","$9,209","$10,036","$24,705","$24,356","$26,356","$25,356","$25,622","$24,622","$24,622","$24,622","$24,622","$24,622","$26,542","$25,122","$24,943","$24,943","$24,943","$24,943","$22,100","$22,100","$22,100","$22,100","$22,100","$22,100","$22,100","$21,922","$21,922","$21,922","$21,922","$22,472","$22,472"
Sole Trader Account,$0,$0,$0,$0,$0,$0,$0,$0,$0,$0,$0,$0,$0,$0,$0,$0,$0,$0,$0,$0,$0,$27,$27,$27,$27,$27,$27,$27,$27,$27,$27,$27,$27,$27,$27,$27,$27,$27,$27,$27,$27,$27,$27,$27,$27,$27,$27,$27,$27,$27,$27,$27,$27,$27,$27,$27,$27,$27,$27,$27,$27,$27,$27,$27,$27,$0,$0,$0,$0,$0,$0,$0,$0,$0,$0,$0,$0,$0
Toolboxes,$0,$0,$0,$0,$0,$0,$0,$0,$0,$0,$0,$0,$0,$0,$0,$0,$0,$0,$0,$0,$0,$0,$0,$0,"$2,182","$2,182","$6,766","$6,766","$6,766","$6,766","$6,766","$6,766","$6,766","$6,766","$6,766","$6,766","$6,766","$6,766","$6,766","$6,766","$6,766","$9,025","$9,025","$9,025","$9,525","$12,534","$12,534","$12,534","$12,534","$12,534","$15,261","$15,261","$16,284","$16,284","$20,284","$21,488","$25,743","$25,743","$25,743","$25,743","$25,743","$25,743","$25,743","$25,743","$25,743",$0,$0,$0,$0,$0,$0,$0,$0,$0,$0,$0,$0,$0
Deposits,$0,$0,$0,$0,$0,$0,$0,$0,$0,$0,$0,$0,$0,$0,$0,$0,$0,$0,$0,$0,$0,$0,$0,$0,$0,$0,$0,$0,$0,$0,$0,$0,$0,$257,$257,$257,$257,$257,$257,$257,$257,$257,$257,$257,$257,$257,$257,$257,$257,$257,$257,$257,$257,$257,$257,$257,$257,$257,$257,$257,$257,$257,$257,$257,$257,$257,$257,$257,$257,$257,$257,$257,$257,$257,$257,$257,$257,$257
MVW Services,,,,,,,,,,,,,,,,,,,,,,,,,,,,,,,,,,,,,,,,,,,,,,,,,,,,,,,,,,,,,,,,,,,,,,,,,,,,,,
H Williams,$0,$0,$0,$0,$0,$0,$0,$0,$0,$0,$0,$0,$0,$0,$0,$0,$0,$0,$0,$0,$0,$0,$0,$0,$0,$0,$0,$0,$0,$0,$0,$0,$0,$0,$0,$0,$0,$0,$0,$0,$0,$0,$0,$0,$0,$0,$0,"$3,283","$3,283","$3,283","$3,283","$3,283","$3,283","$3,283","$3,283","$3,283","$3,943","$3,943","$3,943","$3,943","$3,943","$3,943","$3,943","$3,943","$3,943","$3,943","$3,943","$3,943","$3,943","$3,943","$3,943","$3,943","$3,943","$3,943","$3,943","$3,943","$3,943","$3,943"
MVW Services,$0,$0,$0,$0,$0,$0,$0,$0,$0,$0,$0,$0,$0,$0,$0,$0,$0,$0,$0,$0,$0,$0,$0,$0,$0,$0,$0,$0,$0,$0,$0,$0,$0,$0,$0,$0,$0,$0,$0,$0,$0,$0,$0,$0,$0,$0,$0,$0,$0,$0,$0,$0,$0,$0,$0,$0,"$2,566","$8,286","$8,286","$8,286","$8,286","$8,286","$8,286","$8,286","$8,286",$0,$0,$0,$0,$0,$0,$0,$0,$0,$0,$0,$0,$0
Total MVW Services,$0,$0,$0,$0,$0,$0,$0,$0,$0,$0,$0,$0,$0,$0,$0,$0,$0,$0,$0,$0,$0,$0,$0,$0,$0,$0,$0,$0,$0,$0,$0,$0,$0,$0,$0,$0,$0,$0,$0,$0,$0,$0,$0,$0,$0,$0,$0,"$3,283","$3,283","$3,283","$3,283","$3,283","$3,283","$3,283","$3,283","$3,283","$6,509","$12,229","$12,229","$12,229","$12,229","$12,229","$12,229","$12,229","$12,229","$3,943","$3,943","$3,943","$3,943","$3,943","$3,943","$3,943","$3,943","$3,943","$3,943","$3,943","$3,943","$3,943"
Borrowing Costs,$0,$0,$0,$0,$0,$0,$0,$0,$0,$0,$0,$0,$0,$0,$0,$0,$0,$0,$0,$0,$0,$0,$0,$0,$0,$0,$0,$0,$0,$0,$0,$0,$0,$0,$0,$0,$0,$0,$0,$0,$0,$0,$0,$0,$0,$0,$0,$0,$0,$0,$0,$0,$0,$0,$0,$0,$0,$0,$0,$0,$0,$0,$0,$0,$0,$336,$336,$336,$336,$336,$336,$336,$336,$336,$336,$336,$336,$336
Total Other Current Assets,$0,$0,($910),"($2,334)","($2,334)","($2,334)","($2,334)","($2,334)","($2,334)","($2,334)","($2,334)","($2,334)","($2,334)","($2,334)","($2,334)","($2,334)","($2,334)","($2,334)","($2,334)","($2,334)","($2,334)","($2,308)","($2,308)","($2,308)",($126),"$5,618","$9,594","$12,368","$11,538","$15,886","$16,960","$16,743","$15,680","$15,899","$14,734","$15,379","$23,162","$21,864","$28,094","$26,695","$25,063","$27,168","$25,564","$23,960","$23,213","$24,823","$23,425","$25,310","$26,137","$40,805","$43,183","$45,183","$45,206","$45,472","$48,472","$49,676","$57,156","$62,876","$62,876","$64,797","$63,376","$63,198","$63,198","$63,198","$63,198","$26,636","$26,636","$26,636","$26,636","$26,636","$26,636","$26,636","$26,458","$26,458","$26,458","$26,458","$27,008","$27,008"
Total Current Assets,"$2,88,357","$2,78,039","$2,75,803","$2,76,321","$2,75,679","$2,60,579","$2,66,118","$3,39,382","$3,04,640","$3,37,286","$3,74,897","$3,75,567","$3,41,500","$3,77,934","$4,31,001","$3,76,594","$4,22,160","$3,71,599","$3,70,428","$3,26,673","$3,29,857","$3,28,635","$3,04,124","$3,89,640","$3,61,105","$3,34,207","$4,08,945","$3,93,090","$4,13,338","$4,73,793","$4,40,845","$4,75,998","$4,27,518","$4,12,915","$4,56,778","$5,26,481","$5,48,096","$5,13,729","$5,06,331","$5,14,274","$6,35,758","$6,26,154","$6,12,739","$6,41,076","$6,64,933","$6,33,371","$6,99,349","$6,36,332","$7,00,367","$6,82,421","$6,72,300","$8,83,927","$7,69,947","$8,59,046","$9,01,476","$8,37,354","$7,56,945","$6,67,105","$6,05,705","$5,65,752","$4,74,062","$4,15,247","$4,47,080","$4,10,819","$4,08,060","$3,75,580","$3,25,009","$3,66,885","$3,92,650","$4,52,408","$4,54,540","$4,45,077","$4,73,392","$4,69,233","$5,24,056","$4,95,171","$5,30,523","$5,66,515"
Fixed Assets,,,,,,,,,,,,,,,,,,,,,,,,,,,,,,,,,,,,,,,,,,,,,,,,,,,,,,,,,,,,,,,,,,,,,,,,,,,,,,
Computer Equipment,$0,$0,$0,$0,$0,$0,$0,$0,$0,$0,$0,$0,$0,$0,$0,$0,$0,$0,$0,$0,$0,$0,$0,$0,"$3,080","$3,080","$3,080","$3,080","$3,080","$3,080","$3,080","$6,323","$6,323","$6,323","$6,398","$6,473","$6,473","$6,473","$6,473","$6,473","$6,473","$6,473","$6,473","$6,473","$6,473","$6,473","$6,473","$6,473","$6,473","$6,473","$6,473","$6,473","$6,473","$6,473","$6,473","$6,473","$6,473","$6,473","$6,473","$6,473","$6,473","$6,473","$6,473","$6,473","$6,473",$0,$0,$0,$0,$0,$0,$0,$0,$0,$0,$0,$0,$0
Office Equipment,$976,$976,$976,$976,$976,"$1,404","$1,404","$1,404","$1,404","$1,404","$1,404","$1,404","$1,404","$1,404","$1,404","$1,404","$1,404","$1,404","$1,404","$1,404","$1,404","$1,404","$1,404","$1,404","$2,398","$2,398","$2,398","$2,398","$2,398","$2,398","$2,398","$2,398","$2,398","$2,398","$2,398","$2,398","$2,398","$4,976","$4,976","$4,976","$4,976","$4,976","$4,976","$4,976","$4,976","$4,976","$4,976","$4,976","$4,976","$5,687","$5,767","$5,767","$5,767","$5,767","$5,767","$5,767","$5,767","$5,767","$5,767","$5,767","$5,767","$5,767","$9,036","$9,036","$9,036",$0,$0,$0,$0,$0,$0,$0,$0,$0,$0,$0,$0,$0
Less Accumulated Depreciation,$0,$0,$0,$0,$0,$0,$0,$0,$0,$0,$0,$0,$0,$0,$0,$0,$0,$0,$0,$0,$0,$0,$0,$0,$0,$0,$0,$0,$0,$0,$0,$0,$0,$0,$0,$0,$0,$0,$0,$0,$0,$0,$0,$0,$0,$0,$0,$0,$0,$0,$0,$0,$0,$0,$0,$0,$0,$0,$0,$0,$0,$0,$0,$0,$0,"($1,51,994)","($1,51,994)","($1,51,994)","($1,51,994)","($1,51,994)","($1,51,994)","($1,51,994)","($1,51,994)","($1,51,994)","($1,51,994)","($1,51,994)","($1,51,994)","($1,51,994)"
STS General Pool,$0,$0,$0,$0,$0,$0,$0,$0,$0,$0,$0,$0,$0,$0,$0,$0,$0,$0,$0,$0,$0,$0,$0,$0,$0,$0,$0,$0,$0,$0,$0,$0,$0,$0,$0,$0,$0,$0,$0,$0,$0,$0,$0,$0,$0,$0,$0,$0,$0,$0,$0,$0,$0,$0,$0,$0,$0,$0,$0,$0,$0,$0,$0,$0,$0,"$4,78,913","$4,78,913","$4,78,913","$4,78,913","$5,22,749","$5,22,749","$5,22,749","$5,22,749","$5,22,749","$5,22,749","$5,22,749","$5,22,749","$5,22,749"
Motor vehicles and equipment,,,,,,,,,,,,,,,,,,,,,,,,,,,,,,,,,,,,,,,,,,,,,,,,,,,,,,,,,,,,,,,,,,,,,,,,,,,,,,
Isuzu Ute 2018 1OV4RS,$0,$0,"$28,961","$28,961","$28,961","$28,961","$28,961","$28,961","$28,961","$28,961","$28,961","$28,961","$28,961","$28,961","$28,961","$28,961","$28,961","$28,961","$28,961","$28,961","$28,961","$28,961","$28,961","$28,961","$28,961","$28,961","$28,961","$28,961","$28,961","$28,961","$28,961","$28,961","$28,961","$28,961","$28,961","$28,961","$28,961","$28,961","$28,961","$28,961","$28,961","$28,961","$28,961","$28,961","$28,961","$28,961","$28,961","$28,961","$28,961","$28,961","$28,961","$28,961","$28,961","$28,961","$28,961","$28,961","$28,961","$28,961","$28,961","$28,961","$28,961","$28,961","$28,961","$28,961","$28,961",$0,$136,$660,$660,$660,$660,$660,$660,$660,$660,$660,$660,$660
Unexpired Interest on Isuzu Uite,$0,$0,"$4,007","$4,007","$4,007","$4,007","$4,007","$4,007","$4,007","$4,007","$4,007","$4,007","$4,007","$4,007","$4,007","$4,007","$4,007","$4,007","$4,007","$4,007","$4,007","$4,007","$4,007","$4,007","$4,007","$4,007","$4,007","$4,007","$4,007","$4,007","$4,007","$4,007","$4,007","$4,007","$4,007","$4,007","$4,007","$4,007","$4,007","$4,007","$4,007","$4,007","$4,007","$4,007","$4,007","$4,007","$4,007","$4,007","$4,007","$4,007","$4,007","$4,007","$4,007","$4,007","$4,007","$4,007","$4,007","$4,007","$4,007","$4,007","$4,007","$4,007","$4,007","$4,007","$4,007",$0,$0,$0,$0,$0,$0,$0,$0,$0,$0,$0,$0,$0
Ford Ute BBK 621,$0,$0,$0,$0,$0,"$53,896","$55,253","$55,253","$55,253","$55,253","$55,253","$55,253","$55,253","$55,253","$55,253","$55,253","$55,253","$55,253","$55,253","$55,253","$55,253","$55,253","$55,253","$55,253","$55,253","$55,253","$55,253","$55,253","$55,253","$55,253","$55,253","$55,253","$55,253","$55,253","$55,253","$55,253","$55,253","$55,253","$55,253","$55,253","$55,253","$55,253","$55,253","$55,253","$55,253","$55,253","$55,253","$55,253","$55,253","$55,253","$55,253","$55,253","$55,253","$55,253","$55,253","$55,253","$55,253","$55,253","$55,253","$55,253","$55,253","$55,253","$55,253","$55,253","$55,253",$0,$0,$0,$0,$0,$0,$0,$0,$0,$0,$0,$0,$0
Unexp Int BBK621,$0,$0,$0,$0,$0,$0,"$7,982","$7,982","$7,982","$7,982","$7,982","$7,982","$7,982","$7,982","$7,982","$7,982","$7,982","$7,982","$7,982","$7,982","$7,982","$7,982","$7,982","$7,982","$7,982","$7,982","$7,982","$7,982","$7,982","$7,982","$7,982","$7,982","$7,982","$7,982","$7,982","$7,982","$7,982","$7,982","$7,982","$7,982","$7,982","$7,982","$7,982","$7,982","$7,982","$7,982","$7,982","$7,982","$7,982","$7,982","$7,982","$7,982","$7,982","$7,982","$7,982","$7,982","$7,982","$7,982","$7,982","$7,982","$7,982","$7,982","$7,982","$7,982","$7,982",$0,$0,$0,$0,$0,$0,$0,$0,$0,$0,$0,$0,$0
2019 Isuzu Ute IPW9ZV,$0,$0,$0,$0,$0,$0,$0,$0,$0,$0,$0,$0,$0,"$29,545","$29,545","$29,545","$29,545","$29,545","$29,545","$29,545","$29,545","$29,545","$29,545","$29,545","$29,545","$29,545","$29,545","$29,545","$29,545","$29,545","$29,545","$29,545","$29,545","$29,545","$29,545","$29,545","$29,545","$29,545","$29,545","$29,545","$29,545","$29,545","$29,545","$29,545","$29,545","$29,545","$29,545","$29,545","$29,545","$29,545","$29,545","$29,545","$29,545","$29,545","$29,545","$29,545","$29,545","$29,545","$29,545","$29,545","$29,545","$29,545","$29,545","$29,545","$29,545",$0,$0,$0,$0,$0,$0,$0,$0,$0,$0,$0,$0,$0
Unexpired Int 2019 DMax,$0,$0,$0,$0,$0,$0,$0,$0,$0,$0,$0,$0,$0,"$2,910","$2,910","$2,910","$2,910","$2,910","$2,910","$2,910","$2,910","$2,910","$2,910","$2,910","$2,910","$2,910","$2,910","$2,910","$2,910","$2,910","$2,910","$2,910","$2,910","$2,910","$2,910","$2,910","$2,910","$2,910","$2,910","$2,910","$2,910","$2,910","$2,910","$2,910","$2,910","$2,910","$2,910","$2,910","$2,910","$2,910","$2,910","$2,910","$2,910","$2,910","$2,910","$2,910","$2,910","$2,910","$2,910","$2,910","$2,910","$2,910","$2,910","$2,910","$2,910",$0,$0,$0,$0,$0,$0,$0,$0,$0,$0,$0,$0,$0
Mitsubishi Triton Ute,$0,$0,$0,$0,$0,$0,$0,$0,$0,$0,$0,$0,$0,$0,$0,$0,"$43,909","$44,364","$44,364","$44,364","$44,364","$44,364","$44,364","$44,364","$44,364","$44,364","$44,364","$44,364","$44,364","$44,364","$44,364","$44,364","$44,364","$44,364","$44,364","$44,364","$44,364","$44,364","$44,364","$44,364","$44,364","$44,364","$44,364","$44,364","$44,364","$44,364","$44,364","$44,364","$44,364","$44,364","$44,364","$44,364","$44,364","$44,364","$44,364","$44,364","$44,364","$44,364","$44,364","$44,364","$44,364","$44,364","$44,364","$44,364","$44,364",$0,$0,$0,$0,$0,$0,$0,$0,$0,$0,$0,$0,$0
Tipper,$0,$0,$0,$0,$0,$0,$0,$0,$0,$0,$0,$0,$0,$0,$0,$0,$0,$0,$0,$0,$0,$0,$0,$0,$0,"$10,045","$10,045","$10,045","$10,045","$10,045","$10,045","$10,045","$10,045","$10,045","$10,045","$10,045","$10,045","$10,045","$10,045","$10,045","$10,045","$10,045","$10,045","$10,045","$10,045","$10,045","$10,045","$10,045","$10,045","$10,045","$10,045","$10,045","$10,045","$10,045","$10,045","$10,045","$10,045","$10,045","$10,045","$10,045","$10,045","$10,045","$10,045","$10,045","$10,045",$0,$0,$0,$0,$0,$0,$0,$0,$0,$0,$0,$0,$0
Caterpillar Hydraulic Excavator,$0,$0,$0,$0,$0,$0,$0,$0,$0,$0,$0,$0,$0,$0,$0,$0,$0,$0,$0,$0,$0,$0,$0,$0,$0,$0,$0,"$41,414","$41,414","$41,414","$41,414","$41,414","$41,414","$41,414","$41,414","$41,414","$41,414","$41,414","$41,414","$41,414","$41,414","$41,414","$41,414","$41,414","$41,414","$41,414","$41,414","$41,414","$41,414","$41,414","$41,414","$41,414","$41,414","$41,414","$41,414","$41,414","$41,414","$41,414","$41,414","$41,414","$41,414","$41,414","$41,414","$41,414","$41,414",$0,$0,$0,$0,$0,$0,$0,$0,$0,$0,$0,$0,$0
Ford Ranger 2021 BXF 636,$0,$0,$0,$0,$0,$0,$0,$0,$0,$0,$0,$0,$0,$0,$0,$0,$0,$0,$0,$0,$0,$0,$0,$0,$0,$0,$0,$0,$0,$0,$0,$0,$0,$0,$0,$0,$0,$0,$0,$0,"$40,183","$40,183","$40,183","$40,183","$40,183","$40,183","$40,183","$40,183","$40,183","$40,183","$40,183","$40,183","$40,183","$40,183","$40,183","$40,183","$40,183","$40,183","$40,183","$40,183","$40,183","$40,183","$40,183","$40,183","$40,183",$0,$0,$0,$0,$0,$0,$0,$0,$0,$0,$0,$0,$0
Toyota Hilux 4xs Workmate,$0,$0,$0,$0,$0,$0,$0,$0,$0,$0,$0,$0,$0,$0,$0,$0,$0,$0,$0,$0,$0,$0,$0,$0,$0,$0,$0,$0,$0,$0,$0,$0,$0,$0,$0,$0,$0,$0,$0,$0,$0,$0,$0,$0,"$30,801","$30,801","$30,801","$30,801","$30,801","$30,801","$30,801","$30,801","$30,801","$30,801","$30,801","$30,801","$30,801","$30,801","$30,801","$30,801","$30,801","$30,801","$30,801","$30,801","$30,801",$0,$0,$0,$0,$0,$0,$0,$0,$0,$0,$0,$0,$0
USED 2013 Great Wall V200,$0,$0,$0,$0,$0,$0,$0,$0,$0,$0,$0,$0,$0,$0,$0,$0,$0,$0,$0,$0,$0,$0,$0,$0,$0,$0,$0,$0,$0,$0,$0,$0,$0,$0,$0,$0,$0,$0,$0,$0,$0,$0,$0,$0,$0,$0,$0,"$12,236","$12,236","$12,236","$12,236","$12,236","$12,236","$12,236","$12,236","$12,236","$12,236","$12,236","$12,236","$12,236","$12,236","$12,236","$12,236","$12,236","$12,236",$0,$0,$0,$0,$0,$0,$0,$0,$0,$0,$0,$0,$0
Hilux 4x2 Workmate 1XF2FY - Irrigation,$0,$0,$0,$0,$0,$0,$0,$0,$0,$0,$0,$0,$0,$0,$0,$0,$0,$0,$0,$0,$0,$0,$0,$0,$0,$0,$0,$0,$0,$0,$0,$0,$0,$0,$0,$0,$0,$0,$0,$0,$0,$0,$0,$0,$0,$0,$0,$0,"$30,927","$30,927","$30,927","$30,927","$30,927","$30,927","$30,927","$30,927","$30,927","$30,927","$30,927","$30,927","$30,927","$30,927","$30,927","$30,927","$30,927",$0,$0,$0,$0,$0,$0,$0,$0,$0,$0,$0,$0,$0
Toyotal Hilux 4.x 2 Rev Camera,$0,$0,$0,$0,$0,$0,$0,$0,$0,$0,$0,$0,$0,$0,$0,$0,$0,$0,$0,$0,$0,$0,$0,$0,$0,$0,$0,$0,$0,$0,$0,$0,$0,$0,$0,$0,$0,$0,$0,$0,$0,$0,$0,$0,$0,$0,$0,$0,$0,"$32,204","$32,204","$32,204","$32,204","$32,204","$32,204","$32,204","$32,204","$32,204","$32,204","$32,204","$32,204","$32,204","$32,204","$32,204","$32,204",$0,$0,$0,$0,$0,$0,$0,$0,$0,$0,$0,$0,$0
Irrigation Vehicle IXV 5JE,$0,$0,$0,$0,$0,$0,$0,$0,$0,$0,$0,$0,$0,$0,$0,$0,$0,$0,$0,$0,$0,$0,$0,$0,$0,$0,$0,$0,$0,$0,$0,$0,$0,$0,$0,$0,$0,$0,$0,$0,$0,$0,$0,$0,$0,$0,$0,$0,$0,$0,$0,$0,$0,$0,"$34,440","$34,440","$34,440","$34,440","$34,440","$34,440","$34,440","$34,440","$34,440","$34,440","$34,440",$0,$0,$0,$0,$0,$0,$0,$0,$0,$0,$0,$0,$0
Toyota IXV5JF Plumbing $166.94,$0,$0,$0,$0,$0,$0,$0,$0,$0,$0,$0,$0,$0,$0,$0,$0,$0,$0,$0,$0,$0,$0,$0,$0,$0,$0,$0,$0,$0,$0,$0,$0,$0,$0,$0,$0,$0,$0,$0,$0,$0,$0,$0,$0,$0,$0,$0,$0,$0,$0,$0,$0,$0,$0,"$30,889","$30,889","$30,889","$30,889","$30,889","$30,889","$30,889","$30,889","$30,889","$30,889","$30,889",$0,$0,$0,$0,$0,$0,$0,$0,$0,$0,$0,$0,$0
EZ80 Excavator,$0,$0,$0,$0,$0,$0,$0,$0,$0,$0,$0,$0,$0,$0,$0,$0,$0,$0,$0,$0,$0,$0,$0,$0,$0,$0,$0,$0,$0,$0,$0,$0,$0,$0,$0,$0,$0,$0,$0,$0,$0,$0,$0,$0,$0,$0,$0,$0,$0,$0,$0,$0,$0,$0,$0,"$1,41,080","$1,41,080","$1,41,080","$1,41,080","$1,41,080","$1,41,080","$1,41,080","$1,41,080","$1,41,080","$1,41,080",$0,$0,$0,$0,$0,$0,$0,$0,$0,$0,$0,$0,$0
Ford $1298.26 Reg CDY262,$0,$0,$0,$0,$0,$0,$0,$0,$0,$0,$0,$0,$0,$0,$0,$0,$0,$0,$0,$0,$0,$0,$0,$0,$0,$0,$0,$0,$0,$0,$0,$0,$0,$0,$0,$0,$0,$0,$0,$0,$0,$0,$0,$0,$0,$0,$0,$0,$0,$0,$0,$0,$0,$0,"$57,861","$57,861","$57,861","$57,861","$57,861","$57,861","$57,861","$57,861","$57,861","$57,861","$57,861",$0,$0,$0,$0,$0,$0,$0,$0,$0,$0,$0,$0,$0
Ford MY22 Ranger CHC522,$0,$0,$0,$0,$0,$0,$0,$0,$0,$0,$0,$0,$0,$0,$0,$0,$0,$0,$0,$0,$0,$0,$0,$0,$0,$0,$0,$0,$0,$0,$0,$0,$0,$0,$0,$0,$0,$0,$0,$0,$0,$0,$0,$0,$0,$0,$0,$0,$0,$0,$0,$0,$0,$0,"$71,009","$71,009","$71,009","$71,009","$71,009","$71,009","$71,009","$71,009","$71,009","$71,009","$71,009",$0,$0,$0,$0,$0,$0,$0,$0,$0,$0,$0,$0,$0
Mazda BT-50 E 1YQ-6TR,$0,$0,$0,$0,$0,$0,$0,$0,$0,$0,$0,$0,$0,$0,$0,$0,$0,$0,$0,$0,$0,$0,$0,$0,$0,$0,$0,$0,$0,$0,$0,$0,$0,$0,$0,$0,$0,$0,$0,$0,$0,$0,$0,$0,$0,$0,$0,$0,$0,$0,$0,$0,$0,$0,$0,"$49,517","$49,517","$49,517","$49,517","$49,517","$49,517","$49,517","$49,517","$49,517","$49,517",$0,$0,$0,$0,$0,$0,$0,$0,$0,$0,$0,$0,$0
Motor Vehicle,$0,$0,$0,$0,$0,$0,$0,$0,$0,$0,$0,$0,$0,$0,$0,$0,$0,$0,$0,$0,$0,$0,$0,$0,$0,$0,$0,$0,$0,$0,$0,$0,$0,$0,$0,$0,$0,$0,$0,$0,$0,$0,$0,$0,$0,$0,$0,$0,$0,$0,$0,$0,$0,$0,$0,"$2,000","$2,000","$2,000","$2,000","$2,000","$2,000","$2,000","$2,000","$2,000","$2,000",$0,$0,$0,$0,$0,$0,$0,$0,$0,$0,$0,$0,$0
Total Motor vehicles and equipment,$0,$0,"$32,967","$32,967","$32,967","$86,864","$96,203","$96,203","$96,203","$96,203","$96,203","$96,203","$96,203","$1,28,659","$1,28,659","$1,28,659","$1,72,568","$1,73,022","$1,73,022","$1,73,022","$1,73,022","$1,73,022","$1,73,022","$1,73,022","$1,73,022","$1,83,068","$1,83,068","$2,24,482","$2,24,482","$2,24,482","$2,24,482","$2,24,482","$2,24,482","$2,24,482","$2,24,482","$2,24,482","$2,24,482","$2,24,482","$2,24,482","$2,24,482","$2,64,665","$2,64,665","$2,64,665","$2,64,665","$2,95,466","$2,95,466","$2,95,466","$3,07,702","$3,38,629","$3,70,832","$3,70,832","$3,70,832","$3,70,832","$3,70,832","$5,65,031","$7,57,628","$7,57,628","$7,57,628","$7,57,628","$7,57,628","$7,57,628","$7,57,628","$7,57,628","$7,57,628","$7,57,628",$0,$136,$660,$660,$660,$660,$660,$660,$660,$660,$660,$660,$660
Total Fixed Assets,$976,$976,"$33,944","$33,944","$33,944","$88,267","$97,607","$97,607","$97,607","$97,607","$97,607","$97,607","$97,607","$1,30,062","$1,30,062","$1,30,062","$1,73,971","$1,74,426","$1,74,426","$1,74,426","$1,74,426","$1,74,426","$1,74,426","$1,74,426","$1,78,501","$1,88,546","$1,88,546","$2,29,960","$2,29,960","$2,29,960","$2,29,960","$2,33,203","$2,33,203","$2,33,203","$2,33,278","$2,33,353","$2,33,353","$2,35,931","$2,35,931","$2,35,931","$2,76,114","$2,76,114","$2,76,114","$2,76,114","$3,06,915","$3,06,915","$3,06,915","$3,19,151","$3,50,077","$3,82,991","$3,83,072","$3,83,072","$3,83,072","$3,83,072","$5,77,271","$7,69,868","$7,69,868","$7,69,868","$7,69,868","$7,69,868","$7,69,868","$7,69,868","$7,73,137","$7,73,137","$7,73,137","$3,26,919","$3,27,054","$3,27,578","$3,27,578","$3,71,414","$3,71,414","$3,71,414","$3,71,414","$3,71,414","$3,71,414","$3,71,414","$3,71,414","$3,71,414"
Investments or Other Non-Current Assets,,,,,,,,,,,,,,,,,,,,,,,,,,,,,,,,,,,,,,,,,,,,,,,,,,,,,,,,,,,,,,,,,,,,,,,,,,,,,,
Loan - D Venn,$0,$0,$0,$0,$0,$0,"$42,000","$42,000","$42,000",$0,$0,$0,$0,$0,$0,$0,$0,$0,$0,$0,$0,$0,$0,$0,$0,$0,$0,$0,$0,$0,$0,$0,$0,$0,$0,$0,$0,$0,$0,$0,$0,$0,$0,$0,$0,$0,$0,$0,$0,$0,$0,$0,$0,$0,$0,"$50,000","$50,000","$50,000","$50,000","$50,000","$50,000","$50,000","$50,000","$50,000","$50,000","$50,000","$50,000","$50,000","$50,000","$50,000","$50,000","$50,000",$0,$0,$0,$0,$0,$0
Loan - MVW Services,$0,$0,$0,$0,$0,$0,$0,$0,$0,$0,$0,$0,$0,$0,$0,$0,$0,$0,$0,$0,$0,$0,$0,$0,$0,$0,$0,$0,$0,$0,$0,$0,$0,$0,$0,$0,$0,$0,$0,$0,$0,$0,$0,$0,$0,$0,$0,$0,$0,$0,$0,$0,$0,$0,$0,$0,$0,"$1,06,571","$96,935","$1,49,578","$1,71,293","$1,74,291","$1,85,789","$1,92,107","$1,92,107","$1,79,297","$1,79,297","$1,79,297","$1,79,297","$1,79,297","$1,79,297","$1,79,297",$0,$0,$0,$0,$0,$0
Total Investments or Other Non-Current Assets,$0,$0,$0,$0,$0,$0,"$42,000","$42,000","$42,000",$0,$0,$0,$0,$0,$0,$0,$0,$0,$0,$0,$0,$0,$0,$0,$0,$0,$0,$0,$0,$0,$0,$0,$0,$0,$0,$0,$0,$0,$0,$0,$0,$0,$0,$0,$0,$0,$0,$0,$0,$0,$0,$0,$0,$0,$0,"$50,000","$50,000","$1,56,571","$1,46,935","$1,99,578","$2,21,293","$2,24,291","$2,35,789","$2,42,107","$2,42,107","$2,29,297","$2,29,297","$2,29,297","$2,29,297","$2,29,297","$2,29,297","$2,29,297",$0,$0,$0,$0,$0,$0
Total Non-Current Assets,$976,$976,"$33,944","$33,944","$33,944","$88,267","$1,39,607","$1,39,607","$1,39,607","$97,607","$97,607","$97,607","$97,607","$1,30,062","$1,30,062","$1,30,062","$1,73,971","$1,74,426","$1,74,426","$1,74,426","$1,74,426","$1,74,426","$1,74,426","$1,74,426","$1,78,501","$1,88,546","$1,88,546","$2,29,960","$2,29,960","$2,29,960","$2,29,960","$2,33,203","$2,33,203","$2,33,203","$2,33,278","$2,33,353","$2,33,353","$2,35,931","$2,35,931","$2,35,931","$2,76,114","$2,76,114","$2,76,114","$2,76,114","$3,06,915","$3,06,915","$3,06,915","$3,19,151","$3,50,077","$3,82,991","$3,83,072","$3,83,072","$3,83,072","$3,83,072","$5,77,271","$8,19,868","$8,19,868","$9,26,439","$9,16,803","$9,69,446","$9,91,161","$9,94,159","$10,08,926","$10,15,244","$10,15,244","$5,56,216","$5,56,351","$5,56,875","$5,56,875","$6,00,711","$6,00,711","$6,00,711","$3,71,414","$3,71,414","$3,71,414","$3,71,414","$3,71,414","$3,71,414"
Total Assets,"$2,89,333","$2,79,016","$3,09,747","$3,10,264","$3,09,623","$3,48,846","$4,05,724","$4,78,989","$4,44,247","$4,34,893","$4,72,504","$4,73,173","$4,39,106","$5,07,996","$5,61,064","$5,06,656","$5,96,132","$5,46,025","$5,44,854","$5,01,099","$5,04,283","$5,03,061","$4,78,550","$5,64,066","$5,39,605","$5,22,753","$5,97,491","$6,23,050","$6,43,298","$7,03,753","$6,70,805","$7,09,201","$6,60,721","$6,46,117","$6,90,056","$7,59,833","$7,81,448","$7,49,660","$7,42,262","$7,50,205","$9,11,872","$9,02,268","$8,88,853","$9,17,190","$9,71,847","$9,40,286","$10,06,264","$9,55,483","$10,50,445","$10,65,413","$10,55,373","$12,66,999","$11,53,019","$12,42,118","$14,78,747","$16,57,222","$15,76,813","$15,93,544","$15,22,508","$15,35,197","$14,65,223","$14,09,406","$14,56,006","$14,26,063","$14,23,304","$9,31,796","$8,81,361","$9,23,760","$9,49,525","$10,53,119","$10,55,251","$10,45,788","$8,44,805","$8,40,647","$8,95,470","$8,66,585","$9,01,937","$9,37,929"
,,,,,,,,,,,,,,,,,,,,,,,,,,,,,,,,,,,,,,,,,,,,,,,,,,,,,,,,,,,,,,,,,,,,,,,,,,,,,,
LIABILITIES,,,,,,,,,,,,,,,,,,,,,,,,,,,,,,,,,,,,,,,,,,,,,,,,,,,,,,,,,,,,,,,,,,,,,,,,,,,,,,
Accounts Payable,,,,,,,,,,,,,,,,,,,,,,,,,,,,,,,,,,,,,,,,,,,,,,,,,,,,,,,,,,,,,,,,,,,,,,,,,,,,,,
Accounts Payable,"$18,204","$8,753","$17,457","$19,274","$18,682","$89,184","$25,296","$19,560","$18,852","$20,830","$16,865","$18,002","$35,009","$61,839","$24,803","$20,433","$46,538","$24,354","$12,124","$16,951","$12,769","$12,835","$14,635","$12,417","$15,481","$27,534","$54,185","$76,404","$75,513","$69,820","$24,293","$53,349","$28,591","$37,119","$54,913","$93,844","$82,953","$96,471","$1,26,513","$1,61,262","$1,37,753","$1,38,859","$1,70,542","$1,46,615","$1,50,333","$85,401","$1,04,533","$69,456","$1,44,963","$1,46,920","$2,72,657","$2,41,031","$2,36,250","$3,27,471","$4,85,484","$6,70,298","$5,04,790","$3,14,074","$2,35,453","$2,78,058","$2,77,757","$2,17,363","$1,57,564","$1,94,236","$1,71,481","$1,86,435","$2,19,156","$2,72,517","$2,93,491","$3,16,885","$3,39,198","$3,77,800","$3,67,831","$1,09,792","$1,60,831","$71,467","$91,174","$1,10,868"
Tax Liability,,,,,,,,,,,,,,,,,,,,,,,,,,,,,,,,,,,,,,,,,,,,,,,,,,,,,,,,,,,,,,,,,,,,,,,,,,,,,,
Income Tax Payable,"$16,194","$16,194","$11,903","($4,291)","($4,291)","($8,582)","($8,582)","($8,582)","($12,833)","($12,833)","($12,833)","($17,084)","($17,084)","($17,084)","($35,127)","($35,127)","($35,127)","($69,101)","($69,101)","($69,101)","($77,068)","($77,068)","($77,068)","($85,035)","($85,035)","($85,035)","($68,796)","($68,796)","($68,796)","($76,763)","($76,763)","($76,763)","($79,305)","($79,305)","($79,305)","($81,847)","($81,847)","($81,847)","($84,389)","($84,389)","($73,027)","($85,117)","($85,117)","($85,117)","($90,144)","($90,144)","($90,144)","($95,171)","($95,171)","($1,29,306)","($1,60,259)","($1,60,259)","($1,60,259)","($1,73,928)","($1,74,743)","($1,75,564)","($1,89,769)","($1,89,769)","($1,90,622)","($2,04,827)","($2,04,827)","($2,04,827)","($2,19,885)","($2,19,885)","($2,20,739)",$0,$0,$0,$0,$0,$0,$0,$0,$0,"($12,381)","($12,381)","($12,381)","($12,381)"
Provision for Income Tax,$0,$0,$0,$0,$0,$0,$0,$0,$0,$0,$0,$0,$0,$0,$0,$0,$0,$0,$0,$0,$0,$0,$0,$0,$0,$0,$0,$0,$0,$0,$0,$0,$0,$0,$0,$0,$0,$0,$0,$0,$0,$0,"($11,280)",($729),"$6,667","$6,667","$6,667","$6,667","$57,847","$57,847","$57,847","$57,847","$57,847","$57,847","$57,847","$57,847","$57,847","$57,847","$57,847","$57,847","$57,847","$57,847","$57,847","$57,847","$57,847","($49,523)","($49,523)","($49,523)","($61,904)","($61,904)","($61,904)","($74,285)","($74,285)",$0,$0,$0,$0,$0
Total Tax Liability,"$16,194","$16,194","$11,903","($4,291)","($4,291)","($8,582)","($8,582)","($8,582)","($12,833)","($12,833)","($12,833)","($17,084)","($17,084)","($17,084)","($35,127)","($35,127)","($35,127)","($69,101)","($69,101)","($69,101)","($77,068)","($77,068)","($77,068)","($85,035)","($85,035)","($85,035)","($68,796)","($68,796)","($68,796)","($76,763)","($76,763)","($76,763)","($79,305)","($79,305)","($79,305)","($81,847)","($81,847)","($81,847)","($84,389)","($84,389)","($73,027)","($85,117)","($96,397)","($85,846)","($83,477)","($83,477)","($83,477)","($88,504)","($37,324)","($71,459)","($1,02,412)","($1,02,412)","($1,02,412)","($1,16,081)","($1,16,896)","($1,17,717)","($1,31,922)","($1,31,922)","($1,32,775)","($1,46,980)","($1,46,980)","($1,46,980)","($1,62,038)","($1,62,038)","($1,62,892)","($49,523)","($49,523)","($49,523)","($61,904)","($61,904)","($61,904)","($74,285)","($74,285)",$0,"($12,381)","($12,381)","($12,381)","($12,381)"
Other Current Liabilities,,,,,,,,,,,,,,,,,,,,,,,,,,,,,,,,,,,,,,,,,,,,,,,,,,,,,,,,,,,,,,,,,,,,,,,,,,,,,,
GST and PAYG,,,,,,,,,,,,,,,,,,,,,,,,,,,,,,,,,,,,,,,,,,,,,,,,,,,,,,,,,,,,,,,,,,,,,,,,,,,,,,
GST,"$10,146","$13,012","$6,821","$10,019","$11,358","$1,522","$9,232","$18,669","$14,590","$15,905","$24,057","$10,371","$8,690","$12,489","$13,542","$11,613","$13,295","$8,366","$9,714","$18,050","$8,692","$9,374","$11,672","$13,213","$11,625","$12,940","$12,176","$7,526","$13,901","$14,979","$22,649","$29,008","$22,267","$23,203","$28,743","$21,737","$27,747","$31,940","$21,879","$23,587","$36,592","$22,814","$23,144","$33,618","$24,691","$34,602","$43,856","$32,811","$45,603","$52,132","$24,527","$54,965","$56,952","($13,291)","($15,915)","($24,604)","($39,741)","($20,870)","($13,003)","($75,141)","($73,804)","($67,170)","($1,00,529)","($1,01,045)","($91,108)","$35,101","$38,015","$45,641","$43,180","$53,470","$61,334","$47,282","$64,538","$43,594","$25,835","$33,129","$42,497","$32,005"
PAYG Withholdings Payable,"$1,938","$4,398",$28,"$3,599","$6,457",$28,"$4,518","$7,436",$28,"$5,672","$10,760",$28,"$6,291","$12,581",$28,"$6,558","$11,429",$28,"$4,453","$9,963",$28,"$4,322","$8,643",$28,"$3,868","$9,781",$28,"$7,160","$15,526",$28,"$8,248","$18,382",$28,"$3,937","$10,712",$28,"$9,788","$18,413",$28,"$9,079","$19,138",$28,$28,$28,$28,$28,$28,$28,$28,($12),($12),($12),($12),($12),($12),($12),($12),($12),($12),($12),($12),($12),($12),($12),($12),"$14,929","($2,824)","($18,759)","($38,686)","($57,405)","($74,137)","($95,894)","($1,12,678)","($1,43,818)","($1,64,191)","($1,64,191)","($1,64,191)","($1,64,191)"
ATO Payment Plan,$0,$0,$0,$0,$0,$0,$0,$0,$0,$0,$0,$0,$0,$0,$0,$0,$0,$0,$0,$0,$0,$0,$0,$0,$0,$0,$0,$0,$0,$0,$0,$0,$0,$0,$0,$0,$0,$0,$0,$0,$0,$0,$0,$0,$0,$0,$0,$0,$0,$0,$0,$0,$0,$0,$0,$0,$0,$0,$0,$0,$0,$0,"$1,05,365","$97,365","$87,365",$0,"($8,000)","($18,000)","($22,000)","($30,000)","($38,000)","($48,000)","($49,092)",$0,$0,"($2,000)","($2,000)","($2,000)"
ATO - Integrated Client Account,$0,$0,$0,$0,$0,$0,$0,$0,$0,$0,$0,$0,$0,$0,$0,$0,$0,$0,$0,$0,$0,$0,$0,$0,$0,$0,$0,$0,$0,$0,$0,$0,$0,$0,$0,$0,$0,$0,$0,$0,$0,$0,$0,$0,$0,$0,$0,$0,$0,$0,$0,$0,$0,$0,$0,$0,$0,$0,$0,$0,$0,$0,$0,$0,$0,"$42,568","$42,568","$42,568","$42,568","$42,568","$42,568","$42,568","$42,568","$2,66,590","$2,56,590","$3,40,517","$3,40,517","$3,40,517"
PAYG Instalment Payable,$0,$0,$0,$0,$0,$0,$0,$0,$0,$0,$0,$0,$0,$0,$0,$0,$0,$0,$0,$0,$0,$0,$0,$0,$0,$0,$0,$0,$0,$0,$0,$0,$0,$0,$0,$0,$0,$0,$0,$0,$0,$0,$0,$0,$0,$0,$0,$0,$0,$0,$0,$0,$0,$0,$0,$0,$0,$0,$0,$0,$0,$0,$0,$0,$0,"$6,908","$6,908","$6,908","$6,908","$6,908","$6,908","$6,908",$0,$0,$0,$0,$0,$0
Total GST and PAYG,"$12,085","$17,411","$6,849","$13,618","$17,815","$1,550","$13,751","$26,105","$14,618","$21,577","$34,817","$10,400","$14,981","$25,070","$13,571","$18,172","$24,725","$8,394","$14,167","$28,014","$8,721","$13,697","$20,315","$13,241","$15,493","$22,721","$12,205","$14,686","$29,427","$15,007","$30,897","$47,390","$22,295","$27,141","$39,455","$21,765","$37,535","$50,353","$21,908","$32,667","$55,731","$22,842","$23,173","$33,647","$24,720","$34,631","$43,884","$32,839","$45,632","$52,121","$24,515","$54,954","$56,940","($13,303)","($15,927)","($24,616)","($39,753)","($20,882)","($13,014)","($75,153)","($73,815)","($67,182)","$4,824","($3,692)","($3,755)","$99,506","$76,667","$58,358","$31,970","$15,541","($1,327)","($47,136)","($54,664)","$1,66,365","$1,18,233","$2,07,455","$2,16,823","$2,06,332"
Owner A Drawings,"$29,051","$29,051","$29,051","$29,051","$29,051","$28,921","$28,521","$28,231","$25,493","$24,762","$24,490","$24,299","$22,802","$22,802","$20,477","$20,430","$20,407","$20,388","$20,369","($79,642)","($79,844)","($79,853)","($79,853)","($80,334)","($80,493)","($82,732)","($82,743)","($82,777)","($82,777)","($34,307)","($34,636)","($34,636)","($34,636)","($34,636)","($35,266)","($36,012)","($36,012)","($36,642)","($36,652)","($36,688)","($36,721)","($36,958)","($36,958)","($36,958)","($36,958)","($36,958)","($36,958)","($36,958)","($36,958)","($36,958)","($36,958)","($36,958)","($36,958)","($37,003)","($37,003)","($37,003)","($37,003)","($37,003)","($37,003)","($37,003)","($37,003)","($37,003)","($37,003)","($37,023)","($37,023)",$0,$0,$0,$0,$0,$0,$0,$0,$0,$0,$0,$0,$0
Owner A Funds Introduced,$360,$360,$360,$360,$360,$360,$360,$360,$360,$360,$360,$360,$360,$360,$360,$360,$360,$360,$360,$360,$360,$360,$360,$360,$360,$360,$360,$360,$360,$360,$360,$360,$360,$360,$360,$360,$360,$360,$360,$360,$360,$360,$360,$360,$360,$360,$360,$360,$360,$360,$360,$360,$360,$360,$360,$360,$360,$360,$360,$360,$360,$360,$360,$360,$360,$0,$0,$0,$0,$0,$0,$0,$0,$0,$0,$0,$0,$0
Rounding,$12,$13,$13,$13,$14,$14,$14,$14,$12,$11,$11,$11,$11,$11,$21,$21,$21,$23,$23,$26,$26,$26,$24,$24,$24,$24,$24,$24,$22,$10,$8,$8,$8,$7,$4,$4,$3,($1),($5),($10),($10),($11),($10),($17),($17),($23),($23),($19),($19),($24),($24),($24),($26),($26),($31),($31),($31),($43),($40),($40),($37),($37),($37),($37),($37),$0,$1,$1,$1,$2,$2,$3,$0,$0,$0,$5,$5,$8
Super payable,,,,,,,,,,,,,,,,,,,,,,,,,,,,,,,,,,,,,,,,,,,,,,,,,,,,,,,,,,,,,,,,,,,,,,,,,,,,,,
Superannuation Payable,"$2,527","$1,380","$1,400","$1,792","$3,238",$366,"$2,642","$1,870","$2,146","$2,208","$4,586","$3,163","$2,614","$2,933","$3,632","$2,787","$2,138","$1,077","$3,100","$2,914","$2,052","$4,131","$2,132","$3,287","$2,585","$2,196","$3,105","$3,368","$3,609","$2,477",$0,"$4,540","$3,156","$2,315",$0,"$3,784","$4,249","$3,143","$8,636","$4,260","$4,725","$1,578","$4,265",$0,"$4,879","($1,220)","$4,879","$12,908","$8,342","$6,797","$14,235","$7,896","$7,570","$15,628","$8,089",$0,"$9,773","$8,715","$14,838","$8,152",$0,"$7,002","$9,233","$15,977","$15,876","$6,567","($1,737)","($1,737)","($8,395)","($16,569)","($26,465)","($26,671)","($63,211)","($63,211)","($71,237)","($73,547)","($66,320)","($77,243)"
Suspense,"($1,932)","($2,540)","($1,510)","($1,790)","($1,663)",$235,"$1,264",($84),($93),($93),($280),($280),($280),($431),($431),($431),($931),($886),"($1,040)","($1,040)","($1,116)","($1,171)","($9,258)","($10,013)","($10,291)","($10,486)","($11,063)","($11,440)","($11,411)","($50,409)","($50,420)","($31,081)","($50,420)","($51,441)","($51,170)","($51,820)","($52,766)","($52,766)","($54,377)","($54,377)","($54,377)","($55,312)","($54,542)","($54,542)","($55,308)","($54,542)","($54,542)","($54,542)","($54,542)","($54,542)","($54,542)","($54,542)","($54,542)","($54,542)","($54,542)","($55,042)","($54,542)","($53,542)","($53,542)","($53,542)","($53,542)","($53,542)","($54,342)","($52,262)","($54,342)",$0,"($2,576)","($3,993)","($6,308)","($6,308)","($6,308)","($6,308)",$0,"($1,077)","($2,584)","($2,584)","($3,300)","($3,589)"
Wages Payable - Payroll,($22),($74),($74),($81),($27),$0,$58,"($5,090)","($6,503)",($3),($2),$66,$66,$66,($1),($1),($1),$0,$0,$0,$0,($218),"($4,592)",$6,$0,$0,$0,$0,"($7,865)",$0,$0,$0,$0,$0,$0,"($8,428)","($7,451)","($8,969)",$0,$0,$0,$0,$0,$0,$0,"($10,101)",$0,"$12,837",$0,$0,$0,$0,$0,$0,"($18,237)",$0,$0,$0,$0,$0,$0,$0,$162,$0,$0,$0,"($65,860)","($1,23,523)","($1,95,060)","($2,59,661)","($3,18,733)","($3,97,044)","($4,57,622)","($5,13,883)","($5,81,739)","($5,81,739)","($5,81,739)",$1
Funding liabilities,,,,,,,,,,,,,,,,,,,,,,,,,,,,,,,,,,,,,,,,,,,,,,,,,,,,,,,,,,,,,,,,,,,,,,,,,,,,,,
Ford 1IN 1UE $514.10,"($3,599)","($4,113)","($4,619)","($5,133)","($5,647)","($6,161)","($6,675)","($7,189)","($7,704)","($8,218)","($8,732)","($9,246)","($9,760)","($10,274)","($10,788)","($10,788)","($10,788)","($10,788)","($10,788)","($10,788)","($10,788)","($11,302)","($11,816)","($12,330)","($13,834)","($15,337)","($16,840)","($18,343)","($19,846)","($21,349)","($22,852)","($24,355)","($25,858)","($27,361)","($28,864)","($30,368)","($31,871)","($33,374)","($34,363)","($35,352)","($36,341)","($37,330)","($38,319)","($39,308)","($40,297)","($41,286)","($42,275)","($43,264)","($44,253)","($45,242)","($46,231)","($47,220)","($48,209)","($48,209)","($48,209)","($48,209)","($48,209)","($48,209)","($48,209)","($48,209)","($48,209)","($48,209)","($48,209)","($48,209)","($48,209)",$0,$0,$0,$0,$0,$0,$0,$0,$0,$0,$0,$0,$0
Ford BBK621 $988.99,$0,$0,$0,$0,$0,$0,"$58,350","$57,361","$56,372","$55,383","$54,394","$53,405","$52,416","$51,427","$50,438","$50,438","$50,438","$50,438","$50,438","$50,438","$50,438","$49,450","$48,461","$47,472","$47,472","$47,472","$47,472","$47,472","$47,472","$47,472","$47,472","$47,472","$47,472","$47,472","$47,472","$47,472","$47,472","$47,472","$47,472","$47,472","$47,472","$47,472","$47,472","$47,472","$47,472","$47,472","$47,472","$47,472","$47,472","$47,472","$47,472","$47,472","$47,472","$29,079","$29,079","$29,079","$29,079","$29,079","$29,079","$29,079","$29,079","$29,079","$29,079","$29,079","$29,079",$0,$0,$0,$0,$0,$0,$0,$0,$0,$0,$0,$0,$0
2019 DMax 1PW9ZV $597.67,$0,$0,$0,$0,$0,$0,$0,$0,$0,$0,$0,$0,$0,"$3,360","$34,762","$34,213","$33,664","$33,114","$32,565","$32,016","$31,467","$30,918","$30,369","$29,819","$29,270","$29,270","$28,172","$27,623","$27,074","$26,524","$25,975","$25,426","$24,877","$24,328","$23,779","$23,230","$22,680","$22,131","$21,582","$21,033","$20,484","$19,935","$19,385","$18,836","$18,287","$17,738","$17,189","$16,640","$16,090","$15,541","$14,992","$14,992","$13,894","$13,345","$12,795","$12,246","$11,697","$11,148","$10,599","$10,050","$9,501","$8,951","$8,402","$7,853","$7,304","$4,781","$3,683","$3,134","$2,585","$2,036","$1,486",$937,$388,$388,$388,$388,$388,$388
Toyota Hi Lux $968.85,$0,$0,$0,$0,$0,$0,$0,$0,$0,$0,$0,$0,$0,$0,$0,$0,$0,$0,$0,$0,$0,$0,$0,$0,$0,$0,$0,$0,$0,$0,$0,$0,$0,$0,$0,$0,$0,$0,$0,$0,$0,$0,$0,$0,$0,$0,$0,$0,$0,$0,$0,"$34,054","$33,368","$32,682","$31,996","$31,310","$30,623","$29,937","$29,251","$28,565","$27,879","$27,193","$27,193","$27,193","$27,193","$31,708","$31,708","$31,708","$31,708","$31,708","$31,708","$31,708","$31,708","$31,708","$31,708","$31,708","$31,708","$31,708"
Ford MY22 Ranger CHC522 $1534.38,$0,$0,$0,$0,$0,$0,$0,$0,$0,$0,$0,$0,$0,$0,$0,$0,$0,$0,$0,$0,$0,$0,$0,$0,$0,$0,$0,$0,$0,$0,$0,$0,$0,$0,$0,$0,$0,$0,$0,$0,$0,$0,$0,$0,$0,$0,$0,$0,$0,$0,$0,$0,$0,$0,$0,$0,"$76,270","$74,739","$73,209","$71,678","$70,148","$68,618","$67,087","$65,557","$64,027","$76,105","$74,575","$73,044","$71,510","$69,976","$68,441","$66,907","$65,372","$63,838","$62,304","$60,769","$59,235","$57,701"
Mazda BT-50 E 1YQ-6TR $1078.07,$0,$0,$0,$0,$0,$0,$0,$0,$0,$0,$0,$0,$0,$0,$0,$0,$0,$0,$0,$0,$0,$0,$0,$0,$0,$0,$0,$0,$0,$0,$0,$0,$0,$0,$0,$0,$0,$0,$0,$0,$0,$0,$0,$0,$0,$0,$0,$0,$0,$0,$0,$0,$0,$0,$0,$0,$0,"$52,171","$51,093","$50,015","$48,937","$47,859","$46,781","$45,703","$44,625","$54,982","$53,904","$52,826","$51,748","$50,669","$49,591","$48,513","$47,435","$46,357","$45,279","$44,201","$43,123","$42,045"
Attvest Funding $2401.27,$0,$0,$0,$0,$0,$0,$0,$0,$0,$0,$0,$0,$0,$0,$0,$0,$0,$0,$0,$0,$0,$0,$0,$0,$0,$0,$0,$0,$0,$0,$0,$0,$0,$0,$0,$0,$0,$0,$0,$0,$0,$0,$0,$0,$0,$0,$0,$0,$0,$0,$0,$0,$0,$0,$0,$0,$0,$0,$0,$0,$0,$0,$0,"$19,759","$17,564","$15,368","$13,173","$10,977","$8,782","$6,586","$4,391","$2,195",$0,$0,$0,$0,$0,$0
Attvest Funding $252.90,$0,$0,$0,$0,$0,$0,$0,$0,$0,$0,$0,$0,$0,$0,$0,$0,$0,$0,$0,$0,$0,$0,$0,$0,$0,$0,$0,$0,$0,$0,$0,$0,$0,$0,$0,$0,$0,$0,$0,$0,$0,$0,$0,$0,$0,$0,$0,$0,$0,$0,$0,$0,$0,$0,$0,$0,$0,$0,$0,$0,$0,$0,$0,$0,$0,$0,$0,$0,$0,$943,$707,$471,$236,($0),($0),($0),($0),($0)
2024 Mazda BT-50 2BH5SS $950.03,$0,$0,$0,$0,$0,$0,$0,$0,$0,$0,$0,$0,$0,$0,$0,$0,$0,$0,$0,$0,$0,$0,$0,$0,$0,$0,$0,$0,$0,$0,$0,$0,$0,$0,$0,$0,$0,$0,$0,$0,$0,$0,$0,$0,$0,$0,$0,$0,$0,$0,$0,$0,$0,$0,$0,$0,$0,$0,$0,$0,$0,$0,$0,$0,$0,$0,$0,$0,$0,"$46,600","$45,650","$44,700","$43,750","$42,800","$41,850","$40,900","$39,950","$39,000"
Insurance Funding,$0,$0,$0,$0,$0,$0,$0,$0,$0,$0,$0,$0,$0,$669,$669,$669,$669,$669,$669,$669,$669,$669,$669,$669,$669,$669,$669,$0,$0,$0,$0,$65,$65,$65,$65,$65,$65,$65,$65,$65,$65,$65,$65,$65,$65,$65,$65,$65,$65,$65,$65,$65,$65,$65,$65,$65,$65,$65,$65,$65,$65,$65,$65,$65,$65,$0,$0,$0,$0,$0,$0,$0,$0,$0,$0,$0,$0,$0
Total Funding liabilities,"($3,599)","($4,113)","($4,619)","($5,133)","($5,647)","($6,161)","$51,675","$50,172","$48,669","$47,166","$45,663","$44,160","$42,657","$45,182","$75,081","$74,532","$73,982","$73,433","$72,884","$72,335","$71,786","$69,734","$67,681","$65,629","$63,577","$62,074","$59,472","$56,752","$54,699","$52,647","$50,595","$48,607","$46,555","$44,503","$42,450","$40,398","$38,346","$36,294","$34,756","$33,217","$31,679","$30,141","$28,603","$27,065","$25,527","$23,988","$22,450","$20,912","$19,374","$17,836","$16,298","$49,363","$46,589","$26,962","$25,726","$24,491","$99,525","$1,48,931","$1,45,087","$1,41,243","$1,37,400","$1,33,556","$1,30,398","$1,47,000","$1,41,647","$1,82,945","$1,77,042","$1,71,689","$1,66,332","$2,08,518","$2,01,975","$1,95,432","$1,88,889","$1,85,091","$1,81,529","$1,77,966","$1,74,404","$1,70,841"
Payments Suspense,$0,$0,$0,$0,$0,$0,$0,$0,$0,$0,$0,$0,$0,$0,$0,$0,$0,$0,$0,$0,$0,$0,$0,$0,$10,$10,$10,$10,$10,$10,$10,$10,$10,$10,$10,$10,$10,$10,$10,$10,$10,$10,$10,$10,$10,$10,$10,$10,$10,$10,$10,$10,$10,$10,$10,$10,$10,$10,$10,$10,$10,$10,$610,$714,$714,$0,$0,$0,$0,$0,$0,$0,$0,$0,$0,$0,$0,$0
Provisions,,,,,,,,,,,,,,,,,,,,,,,,,,,,,,,,,,,,,,,,,,,,,,,,,,,,,,,,,,,,,,,,,,,,,,,,,,,,,,
Provisions,$0,$0,$0,$0,$0,$0,$0,$0,$0,$0,$0,$0,$0,$0,$0,$0,$0,$0,$0,$0,$0,$0,$0,$0,$0,$0,$0,$0,$0,$0,"$1,718","$3,731","$5,744","$3,609","$4,935","$5,561","$6,987","$6,813","$8,826","$10,839","$11,876","$13,208","$14,184","$16,197","$20,160","$21,492","$23,505","$25,518","$27,531","$31,262","$34,993","$38,724","$40,737","$42,750","$44,763","$46,776","$48,789","$50,802","$52,815","$54,828","$56,841","$58,854","$60,867","$62,880","$64,893",$0,"$2,013","$4,026","$6,039","$8,052","$10,065","$12,078","$14,091","$16,104","$18,117","$18,117","$18,117","$18,117"
Provision for Annual Leave,$0,$0,$0,$0,$0,$0,$0,$0,$0,$0,$0,$0,$0,$0,$0,$0,$0,$0,$0,$0,$0,$0,$0,$0,$0,$0,$0,$0,$0,"$48,343","$50,191","$52,404","$55,256","$58,060","$59,084","$59,543","$55,996","$57,810","$60,404","$61,891","$65,078","$65,880","$72,329","$75,181","$78,887","$80,992","$82,475","$74,786","$65,622","$70,006","$71,505","$72,842","$72,842","$72,842","$72,842","$72,842","$72,842","$72,842","$72,842","$72,842","$72,842","$72,842","$72,842","$72,842","$72,842","$81,674",$0,$0,$0,$0,$0,$0,$0,$0,$0,$0,$0,$0
Total Provisions,$0,$0,$0,$0,$0,$0,$0,$0,$0,$0,$0,$0,$0,$0,$0,$0,$0,$0,$0,$0,$0,$0,$0,$0,$0,$0,$0,$0,$0,"$48,343","$51,909","$56,135","$61,000","$61,669","$64,019","$65,104","$62,983","$64,623","$69,230","$72,730","$76,954","$79,088","$86,513","$91,378","$99,047","$1,02,484","$1,05,980","$1,00,304","$93,153","$1,01,268","$1,06,498","$1,11,566","$1,13,579","$1,15,592","$1,17,605","$1,19,618","$1,21,631","$1,23,644","$1,25,657","$1,27,670","$1,29,683","$1,31,696","$1,33,709","$1,35,722","$1,37,735","$81,674","$2,013","$4,026","$6,039","$8,052","$10,065","$12,078","$14,091","$16,104","$18,117","$18,117","$18,117","$18,117"
Clearmatch Insurance Funding,$0,$0,$0,$0,$0,$0,$0,$0,$0,$0,$0,$0,$0,$0,$0,$0,$0,$0,$0,$0,$0,$0,$0,$0,$0,$0,$0,$0,$0,$0,$0,$0,$0,$0,$0,$0,$0,$0,$0,$0,$0,$0,$0,$0,$0,$0,$0,$0,$0,$0,$0,$0,$0,$0,$0,$0,$0,$0,$0,$0,$0,$0,$0,$0,$0,$0,$0,$0,$0,$0,$0,$0,$0,$0,$0,"$14,742","$13,152","$11,563"
02 Payroll Clearing,$0,$0,$0,$0,$0,$0,$0,$0,$0,$0,$0,$0,$0,$0,$0,$0,$0,$0,$0,$0,$0,$0,$0,$0,$0,$0,$0,$0,$0,$0,$0,$0,$0,$0,$0,$0,$0,$0,$0,$0,$0,$0,$0,$0,$0,$0,$0,$0,$0,$0,$0,$0,$0,$0,$0,$0,$0,$0,$0,$0,$0,$0,$0,$0,$0,$0,$0,$0,$0,$0,$0,$0,$0,$0,$0,$0,$0,"($5,81,740)"
Total Other Current Liabilities,"$38,481","$41,488","$31,470","$37,829","$43,140","$25,286","$98,285","$1,01,578","$84,702","$95,990","$1,09,646","$82,180","$83,211","$95,994","$1,12,710","$1,15,869","$1,20,701","$1,02,790","$1,09,863","$22,967","$1,984","$6,705","($3,190)","($7,800)","($8,736)","($5,833)","($18,629)","($19,017)","($13,926)","$34,138","$48,723","$91,334","$48,327","$49,927","$59,862","$35,164","$47,256","$56,405","$43,864","$52,168","$78,350","$41,738","$51,412","$60,941","$62,258","$58,629","$86,040","$88,652","$75,352","$86,866","$70,391","$1,32,623","$1,33,521","$53,678","$26,050","$27,787","$99,970","$1,70,189","$1,82,352","$1,11,697","$1,03,055","$1,14,859","$1,87,914","$2,06,759","$2,01,175","$3,70,692","$1,85,549","$1,04,821","($5,421)","($50,425)","($1,40,790)","($2,69,646)","($3,72,517)","($2,10,611)","($3,37,682)","($2,39,584)","($2,28,857)","($2,55,710)"
Total Current Liabilities,"$72,879","$66,436","$60,830","$52,811","$57,532","$1,05,888","$1,14,998","$1,12,557","$90,721","$1,03,987","$1,13,677","$83,098","$1,01,136","$1,40,749","$1,02,386","$1,01,175","$1,32,112","$58,042","$52,885","($29,184)","($62,316)","($57,529)","($65,624)","($80,419)","($78,290)","($63,334)","($33,240)","($11,408)","($7,209)","$27,196","($3,747)","$67,919","($2,386)","$7,741","$35,471","$47,161","$48,362","$71,029","$85,989","$1,29,042","$1,43,076","$95,480","$1,25,558","$1,21,710","$1,29,114","$60,553","$1,07,096","$69,603","$1,82,991","$1,62,328","$2,40,637","$2,71,243","$2,67,360","$2,65,068","$3,94,638","$5,80,367","$4,72,838","$3,52,342","$2,85,030","$2,42,775","$2,33,831","$1,85,242","$1,83,440","$2,38,957","$2,09,764","$5,07,604","$3,55,182","$3,27,815","$2,26,165","$2,04,556","$1,36,504","$33,869","($78,971)","($1,00,818)","($1,89,232)","($1,80,498)","($1,50,064)","($1,57,223)"
Long Term Debt,,,,,,,,,,,,,,,,,,,,,,,,,,,,,,,,,,,,,,,,,,,,,,,,,,,,,,,,,,,,,,,,,,,,,,,,,,,,,,
Loan,$0,$0,$0,$0,$0,$0,$0,$0,$0,$0,$0,$0,$0,$0,$0,$0,$0,$0,$0,$0,$0,$0,$0,$0,$0,$0,$0,$0,$0,$0,$0,$0,$0,$0,$0,$0,$0,$0,$0,($200),($200),($200),($200),($200),($200),($200),($200),($200),($200),($200),($200),($200),($200),($200),($200),($496),($996),($996),"($1,475)","($1,475)","($1,475)","($1,475)","($1,475)","($1,475)","$8,525",$0,$0,$0,$0,$0,$0,$0,$0,$0,$0,$0,$0,$0
Vehicle and equipment loans,,,,,,,,,,,,,,,,,,,,,,,,,,,,,,,,,,,,,,,,,,,,,,,,,,,,,,,,,,,,,,,,,,,,,,,,,,,,,,
Isuzu Loan 1OV4RS $260.21,$0,"($2,000)","$33,359","$32,839","$32,319","$31,798","$31,018","$30,497","$29,977","$29,456","$28,936","$28,415","$27,635","$27,114","$26,594","$26,594","$26,594","$26,594","$26,333","$25,812","$25,291","$24,770","$24,248","$23,467","$22,945","$22,424","$21,903","$21,382","$20,861","$20,079","$19,557","$19,036","$18,515","$17,994","$17,473","$16,691","$16,170","$15,648","$15,127","$14,657","$14,136","$13,354","$12,833","$12,312","$11,791","$11,269","$10,488","$9,966","$9,445","$8,924","$8,403","$7,881","$7,100","$6,578","$6,057","$5,536","$5,015","$4,494","$3,712","$3,190","$2,669","$2,148","$1,627","$1,106",$324,$0,$0,$0,$0,$0,$0,$0,$0,$0,$0,$0,$0,$0
Caterpillar Hydraulic Excavator Loan,$0,$0,$0,$0,$0,$0,$0,$0,$0,$0,$0,$0,$0,$0,$0,$0,$0,$0,$0,$0,$0,$0,$0,$0,$0,$0,$0,"$36,868","$36,100","$35,332","$34,563","$33,795","$33,027","$32,259","$31,491","$30,723","$29,955","$29,187","$28,419","$27,651","$26,883","$26,115","$25,346","$24,578","$23,810","$23,042","$22,274","$21,506","$20,738","$19,970","$19,202","$18,434","$17,666","$16,898","$16,130","$15,361","$14,593","$13,825","$13,057","$12,289","$11,521","$10,753","$9,985","$9,217","$8,449","$7,681","$6,913","$6,144","$5,376","$4,608","$3,840","$3,072","$2,304","$1,536",$768,$768,$768,$768
Ford Ranger 2021 BXF 636 $157.28,$0,$0,$0,$0,$0,$0,$0,$0,$0,$0,$0,$0,$0,$0,$0,$0,$0,$0,$0,$0,$0,$0,$0,$0,$0,$0,$0,$0,$0,$0,$0,$0,$0,$0,$0,$0,$0,$0,$0,$0,"$43,371","$42,742","$42,113","$41,326","$40,697","$39,911","$39,282","$38,495","$37,866","$37,237","$36,608","$35,979","$35,192","$34,563","$33,777","$33,148","$32,519","$31,732","$31,103","$30,317","$29,688","$29,058","$28,272","$27,643","$27,014","$35,228","$34,442","$33,813","$33,027","$32,397","$31,768","$30,982","$30,353","$29,724","$28,937","$28,308","$27,679","$26,893"
Loan Toyota Hi Lux Workmate 1WM 8CW,$0,$0,$0,$0,$0,$0,$0,$0,$0,$0,$0,$0,$0,$0,$0,$0,$0,$0,$0,$0,$0,$0,$0,$0,$0,$0,$0,$0,$0,$0,$0,$0,$0,$0,$0,$0,$0,$0,$0,$0,$0,$0,"($1,000)","($1,000)","$32,521","$32,164","$31,806","$31,449","$31,092","$30,734","$30,198","$29,840","$29,483","$29,126","$28,768","$28,232","$27,875","$27,517","$27,160","$26,802","$26,266","$25,909","$25,551","$25,194","$24,836","$28,373","$27,837","$27,479","$27,122","$26,765","$26,407","$26,050","$25,514","$25,156","$24,799","$24,441","$24,084","$23,726"
Loan Toyota $617.33 1XF2FY - Irrigation,$0,$0,$0,$0,$0,$0,$0,$0,$0,$0,$0,$0,$0,$0,$0,$0,$0,$0,$0,$0,$0,$0,$0,$0,$0,$0,$0,$0,$0,$0,$0,$0,$0,$0,$0,$0,$0,$0,$0,$0,$0,$0,$0,$0,$0,$0,$0,$0,$0,"$31,447","$31,052","$30,656","$30,259","$29,863","$29,466","$29,069","$28,673","$28,276","$27,879","$27,483","$27,086","$26,690","$26,293","$25,896","$25,500","$30,106","$29,709","$29,709","$29,313","$28,916","$28,519","$28,123","$27,726","$27,329","$26,933","$26,536","$26,140","$25,743"
Loan Irrigation Vehicle IXV 5JE $165.58,$0,$0,$0,$0,$0,$0,$0,$0,$0,$0,$0,$0,$0,$0,$0,$0,$0,$0,$0,$0,$0,$0,$0,$0,$0,$0,$0,$0,$0,$0,$0,$0,$0,$0,$0,$0,$0,$0,$0,$0,$0,$0,$0,$0,$0,$0,$0,$0,$0,$0,$0,$0,$0,$0,($662),"$33,348","$32,685","$32,023","$31,195","$30,533","$29,871","$29,043","$28,380","$27,718","$26,890","$32,520","$31,857","$31,030","$30,367","$29,539","$28,877","$28,215","$27,387","$26,724","$26,062","$25,400","$24,572","$23,910"
Loan Toyota IXV 5JF $166.84,$0,$0,$0,$0,$0,$0,$0,$0,$0,$0,$0,$0,$0,$0,$0,$0,$0,$0,$0,$0,$0,$0,$0,$0,$0,$0,$0,$0,$0,$0,$0,$0,$0,$0,$0,$0,$0,$0,$0,$0,$0,$0,$0,$0,$0,$0,$0,$0,$0,$0,$0,$0,$0,$0,"$34,170","$33,336","$32,668","$32,167","$32,167","$32,167","$32,167","$32,167","$32,167","$32,167","$32,167","$34,324","$34,324","$34,324","$34,324","$34,324","$34,324","$34,324","$34,324","$34,324","$34,324","$34,324","$34,324","$34,324"
Loan EZ80 Excavator $2342.89,$0,$0,$0,$0,$0,$0,$0,$0,$0,$0,$0,$0,$0,$0,$0,$0,$0,$0,$0,$0,$0,$0,$0,$0,$0,$0,$0,$0,$0,$0,$0,$0,$0,$0,$0,$0,$0,$0,$0,$0,$0,$0,$0,$0,$0,$0,$0,$0,$0,$0,$0,$0,$0,$0,$0,$0,"$1,39,669","$1,38,067","$1,36,456","$1,34,837","$1,33,209","$1,31,573","$1,29,928","$1,28,274","$1,26,612","$1,24,940","$1,23,260","$1,21,580","$1,19,900","$1,18,220","$1,16,539","$1,14,859","$1,13,179","$1,11,499","$1,08,901","$1,07,221","$1,05,540","$1,03,860"
Loan Ford CDY242 $1298.26 - Irrigation,$0,$0,$0,$0,$0,$0,$0,$0,$0,$0,$0,$0,$0,$0,$0,$0,$0,$0,$0,$0,$0,$0,$0,$0,$0,$0,$0,$0,$0,$0,$0,$0,$0,$0,$0,$0,$0,$0,$0,$0,$0,$0,$0,$0,$0,$0,$0,$0,$0,$0,$0,$0,$0,$0,$0,$0,$0,"$62,089","$62,089","$62,089","$62,089","$62,089","$62,089","$62,089","$62,089","$65,614","$65,614","$65,614","$65,614","$65,614","$65,614","$65,614","$65,614","$65,614","$65,614","$65,614","$65,614","$65,614"
Ford Ranger 2021 - Less unexpired charges,$0,$0,$0,$0,$0,$0,$0,$0,$0,$0,$0,$0,$0,$0,$0,$0,$0,$0,$0,$0,$0,$0,$0,$0,$0,$0,$0,$0,$0,$0,$0,$0,$0,$0,$0,$0,$0,$0,$0,$0,$0,$0,$0,$0,$0,$0,$0,$0,$0,$0,$0,$0,$0,$0,$0,$0,$0,$0,$0,$0,$0,$0,$0,$0,$0,"($3,681)","($3,681)","($3,681)","($3,681)","($3,681)","($3,681)","($3,681)","($3,681)","($3,681)","($3,681)","($3,681)","($3,681)","($3,681)"
2019 Dmax - Less unexpired charges,$0,$0,$0,$0,$0,$0,$0,$0,$0,$0,$0,$0,$0,$0,$0,$0,$0,$0,$0,$0,$0,$0,$0,$0,$0,$0,$0,$0,$0,$0,$0,$0,$0,$0,$0,$0,$0,$0,$0,$0,$0,$0,$0,$0,$0,$0,$0,$0,$0,$0,$0,$0,$0,$0,$0,$0,$0,$0,$0,$0,$0,$0,$0,$0,$0,($47),($47),($47),($47),($47),($47),($47),($47),($47),($47),($47),($47),($47)
Toyota Hilux (1WM8CW ) - Less unexpired charges,$0,$0,$0,$0,$0,$0,$0,$0,$0,$0,$0,$0,$0,$0,$0,$0,$0,$0,$0,$0,$0,$0,$0,$0,$0,$0,$0,$0,$0,$0,$0,$0,$0,$0,$0,$0,$0,$0,$0,$0,$0,$0,$0,$0,$0,$0,$0,$0,$0,$0,$0,$0,$0,$0,$0,$0,$0,$0,$0,$0,$0,$0,$0,$0,$0,"($2,215)","($2,215)","($2,215)","($2,215)","($2,215)","($2,215)","($2,215)","($2,215)","($2,215)","($2,215)","($2,215)","($2,215)","($2,215)"
Toyota Hilux (1XF2FY) - Less unexpired charges,$0,$0,$0,$0,$0,$0,$0,$0,$0,$0,$0,$0,$0,$0,$0,$0,$0,$0,$0,$0,$0,$0,$0,$0,$0,$0,$0,$0,$0,$0,$0,$0,$0,$0,$0,$0,$0,$0,$0,$0,$0,$0,$0,$0,$0,$0,$0,$0,$0,$0,$0,$0,$0,$0,$0,$0,$0,$0,$0,$0,$0,$0,$0,$0,$0,"($3,904)","($3,904)","($3,904)","($3,904)","($3,904)","($3,904)","($3,904)","($3,904)","($3,904)","($3,904)","($3,904)","($3,904)","($3,904)"
Mazda BT50 (1YQ6TR) - Less unexpired charges,$0,$0,$0,$0,$0,$0,$0,$0,$0,$0,$0,$0,$0,$0,$0,$0,$0,$0,$0,$0,$0,$0,$0,$0,$0,$0,$0,$0,$0,$0,$0,$0,$0,$0,$0,$0,$0,$0,$0,$0,$0,$0,$0,$0,$0,$0,$0,$0,$0,$0,$0,$0,$0,$0,$0,$0,$0,$0,$0,$0,$0,$0,$0,$0,$0,"($8,369)","($8,369)","($8,369)","($8,369)","($8,369)","($8,369)","($8,369)","($8,369)","($8,369)","($8,369)","($8,369)","($8,369)","($8,369)"
Ford Ranger (CDY242) - Less unexpired charges,$0,$0,$0,$0,$0,$0,$0,$0,$0,$0,$0,$0,$0,$0,$0,$0,$0,$0,$0,$0,$0,$0,$0,$0,$0,$0,$0,$0,$0,$0,$0,$0,$0,$0,$0,$0,$0,$0,$0,$0,$0,$0,$0,$0,$0,$0,$0,$0,$0,$0,$0,$0,$0,$0,$0,$0,$0,$0,$0,$0,$0,$0,$0,$0,$0,"($8,875)","($8,875)","($8,875)","($8,875)","($8,875)","($8,875)","($8,875)","($8,875)","($8,875)","($8,875)","($8,875)","($8,875)","($8,875)"
Toyota Hilux (BRW589) - Less unexpired charges,$0,$0,$0,$0,$0,$0,$0,$0,$0,$0,$0,$0,$0,$0,$0,$0,$0,$0,$0,$0,$0,$0,$0,$0,$0,$0,$0,$0,$0,$0,$0,$0,$0,$0,$0,$0,$0,$0,$0,$0,$0,$0,$0,$0,$0,$0,$0,$0,$0,$0,$0,$0,$0,$0,$0,$0,$0,$0,$0,$0,$0,$0,$0,$0,$0,"($3,502)","($3,502)","($3,502)","($3,502)","($3,502)","($3,502)","($3,502)","($3,502)","($3,502)","($3,502)","($3,502)","($3,502)","($3,502)"
Toyota Hilux (IXV5JE) - Less unexpired charges,$0,$0,$0,$0,$0,$0,$0,$0,$0,$0,$0,$0,$0,$0,$0,$0,$0,$0,$0,$0,$0,$0,$0,$0,$0,$0,$0,$0,$0,$0,$0,$0,$0,$0,$0,$0,$0,$0,$0,$0,$0,$0,$0,$0,$0,$0,$0,$0,$0,$0,$0,$0,$0,$0,$0,$0,$0,$0,$0,$0,$0,$0,$0,$0,$0,"($3,709)","($3,709)","($3,709)","($3,709)","($3,709)","($3,709)","($3,709)","($3,709)","($3,709)","($3,709)","($3,709)","($3,709)","($3,709)"
Ford Ranger (CHC522) - Less unexpired charges,$0,$0,$0,$0,$0,$0,$0,$0,$0,$0,$0,$0,$0,$0,$0,$0,$0,$0,$0,$0,$0,$0,$0,$0,$0,$0,$0,$0,$0,$0,$0,$0,$0,$0,$0,$0,$0,$0,$0,$0,$0,$0,$0,$0,$0,$0,$0,$0,$0,$0,$0,$0,$0,$0,$0,$0,$0,$0,$0,$0,$0,$0,$0,$0,$0,"($9,980)","($9,980)","($9,980)","($9,980)","($9,980)","($9,980)","($9,980)","($9,980)","($9,980)","($9,980)","($9,980)","($9,980)","($9,980)"
Toyota Hilux (IXV5JF) - Less unexpired charges,$0,$0,$0,$0,$0,$0,$0,$0,$0,$0,$0,$0,$0,$0,$0,$0,$0,$0,$0,$0,$0,$0,$0,$0,$0,$0,$0,$0,$0,$0,$0,$0,$0,$0,$0,$0,$0,$0,$0,$0,$0,$0,$0,$0,$0,$0,$0,$0,$0,$0,$0,$0,$0,$0,$0,$0,$0,$0,$0,$0,$0,$0,$0,$0,$0,"($3,831)","($3,831)","($3,831)","($3,831)","($3,831)","($3,831)","($3,831)","($3,831)","($3,831)","($3,831)","($3,831)","($3,831)","($3,831)"
Total Vehicle and equipment loans,$0,"($2,000)","$33,359","$32,839","$32,319","$31,798","$31,018","$30,497","$29,977","$29,456","$28,936","$28,415","$27,635","$27,114","$26,594","$26,594","$26,594","$26,594","$26,333","$25,812","$25,291","$24,770","$24,248","$23,467","$22,945","$22,424","$21,903","$58,249","$56,960","$55,410","$54,121","$52,832","$51,542","$50,253","$48,964","$47,414","$46,124","$44,835","$43,546","$42,308","$84,390","$82,211","$79,292","$77,216","$1,08,819","$1,06,386","$1,03,850","$1,01,417","$99,141","$1,28,311","$1,25,463","$1,22,790","$1,19,700","$1,17,027","$1,47,706","$1,78,030","$3,13,696","$3,70,190","$3,64,818","$3,59,707","$3,54,566","$3,49,429","$3,44,292","$3,39,303","$3,33,880","$3,10,671","$3,05,842","$3,01,579","$2,96,928","$2,92,269","$2,87,775","$2,83,124","$2,78,286","$2,73,792","$2,68,223","$2,64,497","$2,60,606","$2,56,723"
Directors Loan,$0,$0,$0,$0,$0,$0,$0,$0,$0,$0,$0,$0,$0,$0,$0,$0,$0,$0,$0,$0,$0,$0,$0,$0,$0,$0,$0,$0,$0,$0,$0,$0,"($50,000)","($50,000)","($50,000)","($50,000)","($50,000)","($50,000)","($50,000)","($50,085)","($50,229)","($50,325)","($50,620)","($50,670)","($50,951)","($51,259)","($52,018)","($1,02,612)","($1,53,367)","($1,53,577)","($1,53,812)","($1,54,042)","($1,54,367)","($1,61,663)","($1,62,764)","($1,64,655)","($1,64,950)","($1,65,256)","($1,65,667)","($1,67,473)","($1,67,813)","($1,58,939)","($1,59,625)","($1,59,910)","($1,60,251)","($1,76,748)","($85,309)","($85,489)","($88,113)","($88,338)","($90,007)","($23,779)","($30,145)","($30,335)","($33,680)","($34,715)","($35,895)","($38,099)"
DYNAMONEY $75K Loan,$0,$0,$0,$0,$0,$0,$0,$0,$0,$0,$0,$0,$0,$0,$0,$0,$0,$0,$0,$0,$0,$0,$0,$0,$0,$0,$0,$0,$0,$0,$0,$0,$0,$0,$0,$0,$0,$0,$0,$0,$0,$0,$0,$0,$0,$0,$0,$0,$0,$0,$0,$0,$0,$0,$0,$0,$0,$0,$0,$0,$0,$0,$0,$0,$0,$0,$0,$0,"$73,558","$71,635","$69,231","$67,308","$64,904","$62,981","$61,058","$59,135","$53,227","$51,304"
Total Long Term Debt,$0,"($2,000)","$33,359","$32,839","$32,319","$31,798","$31,018","$30,497","$29,977","$29,456","$28,936","$28,415","$27,635","$27,114","$26,594","$26,594","$26,594","$26,594","$26,333","$25,812","$25,291","$24,770","$24,248","$23,467","$22,945","$22,424","$21,903","$58,249","$56,960","$55,410","$54,121","$52,832","$1,542",$253,"($1,036)","($2,586)","($3,876)","($5,165)","($6,454)","($7,977)","$33,961","$31,685","$28,473","$26,346","$57,668","$54,927","$51,632","($1,396)","($54,426)","($25,466)","($28,549)","($31,452)","($34,867)","($44,836)","($15,258)","$12,879","$1,47,750","$2,03,938","$1,97,677","$1,90,760","$1,85,278","$1,89,015","$1,83,192","$1,77,918","$1,82,154","$1,33,923","$2,20,533","$2,16,090","$2,82,372","$2,75,565","$2,66,999","$3,26,653","$3,13,045","$3,06,438","$2,95,601","$2,88,918","$2,77,938","$2,69,928"
Other Non-Current Liabilities,,,,,,,,,,,,,,,,,,,,,,,,,,,,,,,,,,,,,,,,,,,,,,,,,,,,,,,,,,,,,,,,,,,,,,,,,,,,,,
GST Clearing,"$13,002",$0,"$15,384","$15,384","$15,384","$18,754","$18,754","$18,754","$22,496","$22,496",$0,"$38,950","$38,950","$38,950","$85,790","$85,790","$64,930","$73,640","$73,640",$0,"$32,368","$32,368",$0,"$34,217","$34,217",$0,"$32,408","$32,408","$32,408","$76,303","$43,895",$0,"$41,324","$41,324","$41,324","$41,324","$41,324",($676),($676),($676),($676),($676),($676),($676),($676),($676),($676),($676),($676),($676),($676),($676),($676),"$32,892","$32,892","$32,892","$32,892","$32,892","$32,892","$78,503","$78,503","$78,503","$78,503","$78,503","$78,503",$0,$0,$0,$0,$0,$0,$0,$0,$0,$0,$0,$0,$0
Total Non-Current Liabilities,"$13,002","($2,000)","$48,743","$48,223","$47,703","$50,552","$49,772","$49,251","$52,473","$51,952","$28,936","$67,365","$66,585","$66,064","$1,12,384","$1,12,384","$91,524","$1,00,234","$99,973","$25,812","$57,659","$57,138","$24,248","$57,684","$57,162","$22,424","$54,311","$90,657","$89,368","$1,31,713","$98,016","$52,832","$42,866","$41,577","$40,288","$38,738","$37,448","($5,841)","($7,130)","($8,653)","$33,285","$31,009","$27,797","$25,670","$56,992","$54,251","$50,956","($2,072)","($55,102)","($26,142)","($29,225)","($32,128)","($35,543)","($11,944)","$17,634","$45,771","$1,80,642","$2,36,830","$2,30,569","$2,69,263","$2,63,781","$2,67,518","$2,61,695","$2,56,421","$2,60,657","$1,33,923","$2,20,533","$2,16,090","$2,82,372","$2,75,565","$2,66,999","$3,26,653","$3,13,045","$3,06,438","$2,95,601","$2,88,918","$2,77,938","$2,69,928"
Total Liabilities,"$85,881","$64,436","$1,09,574","$1,01,034","$1,05,235","$1,56,440","$1,64,770","$1,61,808","$1,43,194","$1,55,939","$1,42,613","$1,50,463","$1,67,721","$2,06,814","$2,14,770","$2,13,559","$2,23,636","$1,58,276","$1,52,859","($3,372)","($4,657)",($392),"($41,375)","($22,735)","($21,128)","($40,910)","$21,071","$79,249","$82,159","$1,58,909","$94,269","$1,20,751","$40,480","$49,318","$75,759","$85,898","$85,811","$65,188","$78,859","$1,20,389","$1,76,360","$1,26,489","$1,53,354","$1,47,381","$1,86,106","$1,14,803","$1,58,052","$67,532","$1,27,888","$1,36,186","$2,11,411","$2,39,115","$2,31,817","$2,53,124","$4,12,271","$6,26,138","$6,53,480","$5,89,171","$5,15,599","$5,12,038","$4,97,612","$4,52,760","$4,45,135","$4,95,378","$4,70,421","$6,41,528","$5,75,715","$5,43,905","$5,08,538","$4,80,121","$4,03,503","$3,60,522","$2,34,074","$2,05,620","$1,06,369","$1,08,419","$1,27,874","$1,12,704"
EQUITY,,,,,,,,,,,,,,,,,,,,,,,,,,,,,,,,,,,,,,,,,,,,,,,,,,,,,,,,,,,,,,,,,,,,,,,,,,,,,,
Retained Earnings,,,,,,,,,,,,,,,,,,,,,,,,,,,,,,,,,,,,,,,,,,,,,,,,,,,,,,,,,,,,,,,,,,,,,,,,,,,,,,
Retained Earnings,"$36,288","$36,288","$36,288","$36,288","$36,288","$36,288","$1,92,406","$1,92,406","$1,92,406","$1,92,406","$1,92,406","$1,92,406","$1,92,406","$1,92,406","$1,92,406","$1,92,406","$1,92,406","$1,92,406","$3,87,749","$3,87,749","$3,87,749","$3,87,749","$3,87,749","$3,87,749","$3,87,749","$3,87,749","$3,87,749","$3,87,749","$3,87,749","$3,87,749","$5,44,844","$5,44,844","$5,44,844","$5,44,844","$5,44,844","$5,44,844","$5,44,844","$5,44,844","$5,44,844","$5,44,844","$5,44,844","$5,44,844","$7,75,779","$7,75,779","$7,75,779","$7,75,779","$7,75,779","$7,75,779","$7,75,779","$7,75,779","$7,75,779","$7,75,779","$7,75,779","$7,75,779","$9,88,994","$9,88,994","$9,88,994","$9,88,994","$9,88,994","$9,88,994","$9,88,994","$9,88,994","$9,88,994","$9,88,994","$9,88,994","$2,95,266","$2,90,268","$2,90,268","$2,90,268","$2,90,268","$2,90,268","$2,20,268","$2,20,268","$2,20,268","$2,20,268","$2,20,268","$2,20,268","$2,20,268"
Current Earnings,,,,,,,,,,,,,,,,,,,,,,,,,,,,,,,,,,,,,,,,,,,,,,,,,,,,,,,,,,,,,,,,,,,,,,,,,,,,,,
Current Year Earnings,"$1,67,163","$1,78,292","$1,63,885","$1,72,942","$1,68,100","$1,56,118","$48,548","$1,24,775","$1,08,647","$86,548","$1,37,485","$1,30,304","$78,980","$1,08,777","$1,53,888","$1,00,691","$1,80,089","$1,95,343","$4,246","$1,16,722","$1,21,191","$1,15,704","$1,32,176","$1,99,051","$1,72,983","$1,75,914","$1,88,671","$1,56,052","$1,73,390","$1,57,095","$31,692","$43,606","$75,396","$51,955","$69,453","$1,29,090","$1,50,793","$1,39,627","$1,18,559","$84,972","$1,90,668","$2,30,934","($40,280)","($5,969)","$9,962","$49,703","$72,433","$1,12,173","$1,46,778","$1,53,448","$68,182","$2,52,106","$1,45,423","$2,13,215","$77,482","$42,089","($65,661)","$15,378","$17,915","$34,166","($21,383)","($32,348)","$21,877","($58,309)","($36,110)","($4,998)","$15,378","$89,587","$1,50,720","$2,82,730","$3,61,480","$4,64,998","$6,19,761","$6,44,056","$7,98,129","$7,67,194","$7,83,092","$8,34,254"
Other Equity,,,,,,,,,,,,,,,,,,,,,,,,,,,,,,,,,,,,,,,,,,,,,,,,,,,,,,,,,,,,,,,,,,,,,,,,,,,,,,
Capital Loss Reserve,$0,$0,$0,$0,$0,$0,$0,$0,$0,$0,$0,$0,$0,$0,$0,$0,$0,$0,$0,$0,$0,$0,$0,$0,$0,$0,$0,$0,$0,$0,$0,$0,$0,$0,$0,$0,$0,$0,$0,$0,$0,$0,$0,$0,$0,$0,$0,$0,$0,$0,$0,$0,$0,$0,$0,$0,$0,$0,$0,$0,$0,$0,$0,$0,$0,$0,$0,$0,$0,$0,$0,$0,"($2,29,297)","($2,29,297)","($2,29,297)","($2,29,297)","($2,29,297)","($2,29,297)"
Total Equity,"$2,03,452","$2,14,580","$2,00,173","$2,09,230","$2,04,388","$1,92,406","$2,40,954","$3,17,181","$3,01,054","$2,78,954","$3,29,891","$3,22,710","$2,71,386","$3,01,183","$3,46,294","$2,93,097","$3,72,495","$3,87,749","$3,91,995","$5,04,471","$5,08,940","$5,03,453","$5,19,925","$5,86,801","$5,60,733","$5,63,663","$5,76,420","$5,43,801","$5,61,139","$5,44,844","$5,76,536","$5,88,450","$6,20,241","$5,96,799","$6,14,297","$6,73,935","$6,95,637","$6,84,472","$6,63,403","$6,29,816","$7,35,512","$7,75,779","$7,35,498","$7,69,809","$7,85,741","$8,25,482","$8,48,212","$8,87,951","$9,22,556","$9,29,227","$8,43,961","$10,27,884","$9,21,202","$9,88,994","$10,66,476","$10,31,083","$9,23,333","$10,04,372","$10,06,909","$10,23,160","$9,67,612","$9,56,646","$10,10,871","$9,30,685","$9,52,884","$2,90,268","$3,05,646","$3,79,855","$4,40,988","$5,72,998","$6,51,748","$6,85,266","$6,10,731","$6,35,027","$7,89,100","$7,58,165","$7,74,063","$8,25,225"
Total Liabilities & Equity,"$2,89,333","$2,79,016","$3,09,747","$3,10,264","$3,09,623","$3,48,846","$4,05,724","$4,78,989","$4,44,247","$4,34,893","$4,72,504","$4,73,173","$4,39,106","$5,07,996","$5,61,064","$5,06,656","$5,96,132","$5,46,025","$5,44,854","$5,01,099","$5,04,283","$5,03,061","$4,78,550","$5,64,066","$5,39,605","$5,22,753","$5,97,491","$6,23,050","$6,43,298","$7,03,753","$6,70,805","$7,09,201","$6,60,721","$6,46,117","$6,90,056","$7,59,833","$7,81,448","$7,49,660","$7,42,262","$7,50,205","$9,11,872","$9,02,268","$8,88,853","$9,17,190","$9,71,847","$9,40,286","$10,06,264","$9,55,483","$10,50,445","$10,65,413","$10,55,373","$12,66,999","$11,53,019","$12,42,118","$14,78,747","$16,57,222","$15,76,813","$15,93,544","$15,22,508","$15,35,197","$14,65,223","$14,09,406","$14,56,006","$14,26,063","$14,23,304","$9,31,796","$8,81,361","$9,23,760","$9,49,525","$10,53,119","$10,55,251","$10,45,788","$8,44,805","$8,40,647","$8,95,470","$8,66,585","$9,01,937","$9,37,929"
